PARTNER_ID,NAME1,PARTNER_TYPE,LAND1,REGIO,ZZSTAT,LOEVM,ZZEID,ERDAT
0001000240,REYES ACRES LTD,C,CA,SK,02,,e983ba1d-d3aa-41e9-8457-f75cd633a007,2016-01-16
0001000180,CASTELLANO FARMS LLC,C,US,SD,02,,af03a1b6-a435-4725-9451-deb26dc4c11b,2015-07-01
0001000319,MARSH FARMS,C,US,IL,02,,5732e5b5-3c6c-4bea-8b53-4606042cd873,2019-12-22
0001000437,NORDIN B. FARMS,C,US,MO,02,,eb7454d0-80b9-46b3-8133-2ad02506d11b,2017-09-16
0001000145,WHITAKER FARMING CO,C,US,IN,02,,5f1e0e2e-9d4e-4aaa-84ef-ee6303ec61d9,2015-12-24
0001000347,WINTERS & SONS,C,BR,MT,02,,0371989b-6daa-4996-afaa-7389ce3cd735,2023-09-15
0001000095,DIETRICH GRAIN CO,C,US,IL,02,,19c3b869-8421-46c9-b981-4e8c17c25aa3,2012-12-12
0001000265,FERREIRA & SONS,C,CA,AB,02,,d07a787d-561b-47c0-a7ce-7c2bac9c112d,2023-03-21
0001000100,DELACROIX AGRI PARTNERS,C,US,NE,02,,54d0a098-dbef-4d3b-86f2-3ceca4cf66d3,2012-10-30
0001000363,LOCKHART LAND & CATTLE,P,US,ND,02,,e5275166-b091-4930-9060-86ba1e1a0318,2017-12-17
0001000412,IVANOV C. & SONS,C,US,MO,02,X,2f4b9705-f55d-4e9c-babf-07575693c2bd,2015-12-24
0001000280,DUVAL FARMS,C,US,MN,02,,d5f419bd-a137-4099-af95-b8ecfb355946,2023-03-07
0001000225,CASTELLANO AGRI PARTNERS,C,US,MN,02,,212767ad-ea88-4deb-9374-a7d5a9f9a88c,2011-05-09
0001000372,STEINER AGRI PARTNERS,P,CA,AB,02,,f35e92bc-b128-4637-abcf-80ef190202a2,2023-10-05
0001000023,KOWALSKI FARMING CO,C,US,IN,02,,544ba1f2-f269-4d84-9ce6-dac9cb4e7900,2009-07-04
0001000337,BERGSTROM FAMILY FARMS INC,C,BR,MT,02,,a2a55760-493e-4eb5-ad77-4c84111d5c46,2019-01-25
0001000108,DIETRICH FAMILY FARMS INC,C,US,IL,02,,703161fa-80af-4e5e-8d49-402f5b080844,2012-08-02
0001000286,OKAFOR FARMS,C,US,MN,02,,c521759d-f8cf-4aa3-85c3-1f0b66ba8f93,2023-10-08
0001000441,JABLONSKI L. FARMS LLC,C,US,ND,02,,874892c8-65de-47f1-9249-e46b427d2acb,2021-03-01
0001000338,WINTERS FAMILY FARMS INC,C,BR,PR,02,,04a0a701-2a43-4b61-8d9a-6d77b231812b,2013-10-29
0001000110,KOWALSKI ACRES LTD,C,CA,SK,02,,a5a1e05f-133e-4711-83ab-eff0f6f21cf9,2023-06-10
0001000310,IVANOV ACRES LTD,C,CA,MB,02,,6a9bf320-7691-493b-b464-90613085161a,2010-11-21
0001000069,VANDERMEER LAND & CATTLE,C,US,NE,02,,951d007a-9451-4568-b42c-114c0673be6d,2016-12-24
0001000250,FERREIRA AGRI PARTNERS,C,US,MN,02,,78c74163-22c5-49c8-8bfc-0dddbd47dc74,2022-02-03
0001000060,VANDERMEER AGRI PARTNERS,C,CA,SK,02,,141525f7-38ce-4724-9617-064209f6a460,2010-08-04
0001000015,FALKNER FAMILY FARMS INC,C,US,SD,02,,ffc46616-328f-40cd-979b-21564d880404,2023-06-19
0001000012,BOUDREAU FAMILY FARMS INC,C,US,NE,02,,2d3f9fbf-84d0-4003-8e9a-8a52b00cd50e,2019-03-12
0001000186,PEMBERTON FARMS LLC,C,CA,AB,02,,6453183c-235c-4bb6-98e0-5e540990ca9c,2014-09-18
0001000253,OBERLIN FAMILY FARMS INC,C,US,WI,02,,ab3da8b2-5ada-4b96-8c88-f1471bab026b,2014-04-28
0001000086,DIETRICH ACRES LTD,C,CA,SK,02,,f1a743f2-3ddb-4bd5-a4e6-9f7a99bc96f6,2010-09-24
0001000311,HUMMEL LAND & CATTLE,C,US,IA,02,,5a58ac7a-5f58-442b-8892-6c2f35338c3a,2020-09-19
0001000350,VANDERMEER ACRES LTD,C,BR,MT,02,,a2b1d1d9-ef69-42f4-81f0-c17e7bda374c,2014-03-11
0001000140,ALBRECHT LAND & CATTLE,C,US,IA,02,,ba2e606e-8c09-4a55-a2f7-b07d980f7166,2019-09-15
0001000382,REYES FAMILY FARMS INC,P,US,MN,02,,53ce705d-7b0c-4583-a7bc-bf9d6b2394ca,2010-08-27
0001000059,NOVAK GRAIN CO,C,CA,MB,02,,ef4da80d-c02f-45b9-a653-71fc77ce0708,2015-08-07
0001000235,HARTLEY FAMILY FARMS INC,C,US,WI,02,,50762963-0523-4203-a1b8-b217107b07a2,2009-09-15
0001000238,GIRARD AG ENTERPRISES,C,US,MO,02,,f87e9622-4c11-4233-8797-9c8a5c85abc5,2010-08-25
0001000050,YANCEY FARMS,C,US,SD,02,,c13911ec-a216-4afc-a8ac-5c20db61e10e,2014-08-19
0001000112,REYES AG ENTERPRISES,C,US,OH,02,,1dcffb45-689c-4bc2-a0b5-e908b385f7d5,2012-03-05
0001000309,BRENNER AG ENTERPRISES,C,US,NE,02,,17a08aba-adcf-485c-bfc4-a91c0df2f752,2016-02-02
0001000121,BERGSTROM FARMING CO,C,CA,SK,02,,8fb2153c-428d-422e-bed6-18eb073cb1be,2009-02-19
0001000223,JABLONSKI AGRI PARTNERS,C,US,IN,02,,6b538c02-cb1c-4329-93db-cda0bf9a3b80,2023-10-02
0001000020,CRENSHAW AG ENTERPRISES,C,US,IA,02,,ba4a0ea9-4e12-4b3f-b765-6ee6e144fe36,2011-11-23
0001000066,ZIEGLER FARMING CO,C,US,ND,02,,28552231-aa3e-4f95-aace-f12f2dce033d,2023-06-14
0001000403,JABLONSKI FARMING CO,C,US,OH,01,,73bb3ab6-dbb0-48c4-b248-05c33ac98d69,2022-01-13
0001000299,HUMMEL FARMS,C,US,IA,02,,ca4ffcb8-b36e-4349-942a-b4d027b1cb0f,2015-02-17
0001000088,LINDQVIST FARMS LLC,C,US,KS,02,,8c0047a4-6fec-4db1-ba10-e3fc2b7076e6,2015-06-26
0001000364,NOVAK FARMING CO,P,US,WI,02,,d5174745-a000-4c5e-aa79-dc4979e8ad5c,2009-08-11
0001000424,EASTMAN J. LAND & CATTLE,C,CA,AB,02,,23202a02-2279-4d2c-b843-96687c6a159c,2013-07-20
0001000143,HARTLEY ACRES LTD,C,CA,SK,02,,8546aaba-5a77-4dbc-8da8-5f87e5fe989f,2015-04-24
0001000166,GIRARD FARMS,C,US,WI,02,,53dc5777-5d05-4c1d-ae5a-102516382bd7,2014-05-04
0001000041,REYES & SONS,C,US,KS,02,,2a5a522c-1a4c-4586-8ad1-7bed759fd17c,2011-08-23
0001000013,IVANOV FAMILY FARMS INC,C,US,ND,02,,94a10fad-9815-4ae3-a980-6d8f6c0b0715,2024-08-11
0001000018,WHITAKER & SONS,C,US,IL,02,,c19e8d69-82c4-4440-93f2-4fbeb75f2e7c,2022-11-28
0001000249,THOMPSON AGRI PARTNERS,C,US,IA,02,,b9abc0d1-82bf-4bbf-9683-f89d7a9575a4,2015-02-07
0001000115,DELACROIX & SONS,C,CA,MB,02,,6c662fa7-7522-4fbc-a199-16f5032602b3,2013-12-03
0001000334,YANCEY FARMING CO,C,BR,PR,02,,c47df6b7-c0e2-438e-b089-5dad52971908,2017-03-21
0001000147,MARSH GRAIN CO,C,US,MO,02,,b719b80a-bd49-4ee5-ac11-423abdac34f6,2014-04-08
0001000398,WINTERS FARMING CO,C,CA,ON,01,,5e0b9919-ee05-4982-a40d-380481710222,2015-09-04
0001000274,MERRIWEATHER GRAIN CO,C,US,NE,02,,6ac6f205-a514-4109-9707-5f9ae1ac9e7e,2017-09-24
0001000351,EASTMAN ACRES LTD,C,BR,RS,02,,3f4cb65b-431f-4032-9545-6c5bfc1b23f3,2022-02-10
0001000051,KERRIGAN & SONS,C,CA,SK,02,,ca54a051-7edc-4181-9daf-d34c97736791,2021-01-07
0001000256,YODER LAND & CATTLE,C,CA,SK,02,,206898ff-8142-429b-a92d-ecebe7276898,2015-02-13
0001000123,DUVAL ACRES LTD,C,CA,SK,02,,8d52f2a8-eda7-4e3a-9296-bb43bc9f461c,2008-07-09
0001000216,REYES AGRI PARTNERS,C,US,OH,02,,9d0b8efb-5f4b-4137-a202-20bfbc17e8d2,2014-07-05
0001000191,CASTELLANO LAND & CATTLE,C,US,OH,02,,0c206f30-d1c2-4c93-8523-72742066655a,2015-10-27
0001000268,PRESCOTT FAMILY FARMS INC,C,US,WI,02,,8fbe13da-e80f-4391-a9be-edf534edd2c1,2020-10-23
0001000205,WINTERS AG ENTERPRISES,C,US,SD,02,,21c21b2f-5c58-4e4d-850e-a6db37fa6639,2018-11-28
0001000245,OBERLIN AGRI PARTNERS,C,US,NE,02,,b05564ef-6a84-451e-af65-1042a5d7ab0e,2021-10-03
0001000141,LOCKHART FARMING CO,C,CA,MB,02,,cf634edd-bb1f-4f29-8de0-bee56f0403f2,2018-03-11
0001000359,LINDQVIST & SONS,P,US,MN,02,,cfe228f8-e80a-402f-8c07-79c5450aacdf,2012-09-28
0001000343,NORDIN & SONS,C,BR,RS,02,,7e45bfdb-25c9-423e-bbbf-d872c5f3b988,2021-03-14
0001000113,DUVAL FARMS LLC,C,CA,ON,02,,fe9c2d6a-8460-48bf-b060-42de50b5e6b1,2011-08-25
0001000230,REYES LAND & CATTLE,C,US,OH,02,,db211cc8-6542-470a-9778-12cdbb02b0fc,2009-04-09
0001000017,PEMBERTON ACRES LTD,C,US,IN,02,,a5006798-db03-4431-84e5-e0b441de2e11,2011-01-05
0001000165,STEINER AG ENTERPRISES,C,US,KS,02,,ea21817b-b489-4303-ad0b-87867ae40dc4,2022-03-15
0001000081,HARTLEY FARMS LLC,C,US,IL,02,,ad09e104-b745-4e4f-aadb-99c228f33db4,2022-12-10
0001000302,OKAFOR FARMS LLC,C,CA,SK,02,,c4b4f1f3-9c67-450b-97f8-170666391e87,2015-05-27
0001000430,BOUDREAU K. AGRI PARTNERS,C,CA,ON,02,,0cc936d4-7d48-4f6d-b796-96b9b80c5f2e,2015-02-01
0001000269,BRENNER FARMS LLC,C,US,NE,02,,e4bc2396-4073-4fd4-ac2a-534ad2c630d0,2012-10-26
0001000316,ASHWORTH AG ENTERPRISES,C,US,ND,02,,c049a98a-e717-4c35-bbe5-d1987496834a,2014-07-24
0001000053,WINTERS AGRI PARTNERS,C,US,MN,02,,d18693e3-527a-495c-b52d-6a123fdfdb10,2014-03-03
0001000032,CASTELLANO FAMILY FARMS INC,C,CA,MB,02,,c7936fbd-6ab8-42a2-9cf4-f3dadfd51a38,2018-12-16
0001000317,DELACROIX FARMS,C,US,KS,02,,9ebf2045-986d-4a58-9b80-e46affa21f1a,2011-06-05
0001000052,STEINER LAND & CATTLE,C,CA,MB,02,,c5cbc3a5-ba1e-4edd-999b-cb7b92cd06d3,2010-06-06
0001000402,THOMPSON GRAIN CO,C,CA,MB,01,,081d1a24-c05e-4162-b788-918575c9fc08,2017-09-30
0001000353,MARSH AGRI PARTNERS,C,BR,RS,02,,3793d546-51a2-4cc2-aebd-c18e70e55d2d,2017-03-17
0001000368,UNDERHILL GRAIN CO,P,US,NE,02,,0284dbc4-569a-4427-9034-a109b7dbeba1,2011-07-02
0001000365,QUANDT ACRES LTD,P,US,MO,02,,ddb93c4b-ea45-4f30-bb5c-e926293f7724,2015-03-20
0001000344,CASTELLANO FARMS,C,BR,RS,02,,d7da715a-e63a-4e95-85bb-b6b053e8911f,2015-04-05
0001000120,DELACROIX LAND & CATTLE,C,US,MN,02,,c7e70e57-63af-4328-a9f4-8f968f119d8f,2009-10-06
0001000357,MCALLISTER FAMILY FARMS INC,P,US,MO,02,,135e49bf-61ce-4732-a77b-883292f070ad,2024-12-17
0001000393,IVERSON LAND & CATTLE,C,CA,ON,01,,333b14e7-3738-41a9-afbd-f756182deba2,2024-09-19
0001000438,JABLONSKI A. AG ENTERPRISES,C,US,IA,02,,cc7fda28-8387-40d3-bcd5-4a4daa9d87b2,2021-12-09
0001000395,BOUDREAU FARMING CO,C,US,IN,01,,91ba29eb-bd61-4fe3-a667-32daa9f284d8,2019-12-05
0001000264,CALLAHAN FARMS LLC,C,US,IA,02,,7969b01e-a2bc-43aa-ae87-a50d6df11c0d,2015-09-06
0001000203,CALLAHAN FAMILY FARMS INC,C,US,OH,02,,3a03d042-9387-4922-a0f4-7bf0197e1b6b,2019-04-12
0001000034,NOVAK ACRES LTD,C,US,MN,02,,7e11818b-806a-4a37-8376-0aed2ae12b5b,2017-10-04
0001000046,QUANDT AGRI PARTNERS,C,US,MN,02,,dab1723f-e51c-4b05-be67-7b4f0aa2e3c9,2021-06-06
0001000064,BRENNER LAND & CATTLE,C,US,SD,02,,2c93594b-7541-4881-9bdb-232b7bc19f41,2021-10-07
0001000175,DIETRICH AG ENTERPRISES,C,US,SD,02,,c3277215-be2a-4f26-af78-d3d02f369fff,2020-08-07
0001000137,DRUMMOND FAMILY FARMS INC,C,US,KS,02,,483e6b85-f78a-4fcf-9210-04a0eb02e433,2012-03-18
0001000228,BERGSTROM FARMS LLC,C,US,MN,02,,30b0ef2d-80b6-432b-9a21-c2a3658d2210,2015-10-12
0001000279,TOLLEFSON FAMILY FARMS INC,C,CA,MB,02,,ed800086-f502-4249-8e9a-d0a826ed24fe,2014-04-22
0001000024,OKAFOR AGRI PARTNERS,C,US,ND,02,,4bdea64c-4643-4ac1-a154-7fba5e4eff7c,2021-03-09
0001000355,STEINER GRAIN CO,P,US,NE,02,,98bf7b67-5f14-45ce-a2e4-750b2ba152b1,2024-02-25
0001000111,XIONG FARMING CO,C,US,OH,02,,b8b6cb7d-f681-422e-8c84-e4ae13fd9112,2008-11-29
0001000214,UNDERHILL ACRES LTD,C,CA,AB,02,,94ccdd13-8985-4dbd-a220-1b28ff002b8e,2018-07-04
0001000428,YANCEY G. AG ENTERPRISES,C,US,IA,02,,75ca3a07-d53a-41f1-8530-0b1c515548c6,2009-02-16
0001000007,ASHWORTH AGRI PARTNERS,C,US,ND,02,,02ac515d-bb03-4ac5-9557-d43d5829e588,2008-12-20
0001000183,BRENNER FARMS,C,US,MN,02,,1eb83bd0-8879-44ac-90fb-a77d410fa9c0,2012-04-23
0001000008,DRUMMOND LAND & CATTLE,C,US,KS,02,,32559dae-f276-454f-a1d3-199a384b9402,2015-02-03
0001000181,GIRARD AGRI PARTNERS,C,CA,ON,02,,e52bdc8d-50a8-44c4-bcf8-ac0f2d8cad0a,2020-12-26
0001000200,PRESCOTT AG ENTERPRISES,C,CA,SK,02,,06bc94c0-1f72-4b25-a972-3ed6bab61c24,2021-09-20
0001000267,PRESCOTT FARMING CO,C,US,NE,02,,bcc15818-7f8d-4586-a1b0-88425e309917,2015-03-31
0001000132,EASTMAN LAND & CATTLE,C,US,ND,02,,367a9749-0334-45b8-b21b-030053766469,2023-08-29
0001000307,HARTLEY FARMING CO,C,US,IL,02,,e02b5cc2-93cd-4744-bb54-f8889599ef5f,2017-01-02
0001000037,NOVAK AGRI PARTNERS,C,US,IN,02,,93ce9c3c-3d85-4b0c-9722-f8dabb37bb3e,2020-11-11
0001000282,KOWALSKI AGRI PARTNERS,C,CA,AB,02,,1b7379f7-7f4b-49af-a3af-af88f014ea67,2017-12-06
0001000325,ASHWORTH & SONS,C,BR,PR,02,,6c13ecb5-730d-461f-8ca9-f63d856e1798,2008-09-09
0001000434,OKAFOR R. FARMS,C,US,SD,03,,a4a4e3c9-bff6-41d3-9803-688f77404980,2016-08-27
0001000367,YODER GRAIN CO,P,US,MN,02,,c13aa800-f663-417e-8ac0-ce1a94fdc8ba,2022-08-10
0001000399,MCALLISTER FARMS LLC,C,CA,MB,01,,2dcc296d-e88c-4179-8a35-f399ca95f12e,2020-05-04
0001000284,XIONG LAND & CATTLE,C,US,MO,02,,1c861082-d083-4c49-b035-76fc764df4f8,2017-02-22
0001000272,HOLLOWAY AGRI PARTNERS,C,CA,SK,02,,19c4fe57-b6db-4451-9934-b67f872cad32,2019-10-06
0001000213,RASMUSSEN LAND & CATTLE,C,US,ND,02,,0952bedf-23c5-4d36-9306-32950ccabf47,2018-09-27
0001000030,PEMBERTON AGRI PARTNERS,C,CA,SK,02,,137d5b1c-51da-40eb-b588-17d3b8c0a56c,2015-10-20
0001000340,CALLAHAN ACRES LTD,C,BR,RS,02,,8f0b7c48-3e8a-4dbb-a718-02c848de4f01,2012-06-27
0001000397,LOCKHART AG ENTERPRISES,C,US,NE,01,,1c4e8aef-097c-4c42-bef0-47e824e17f89,2022-02-09
0001000413,XIONG P. FARMS,C,US,MN,02,X,3769a60b-7716-4bf3-a449-914a1013948e,2011-09-17
0001000246,TOLLEFSON FARMING CO,C,US,IL,02,,42fe8332-b248-4553-8859-1f15314e3657,2022-10-01
0001000426,ASHWORTH H. GRAIN CO,C,US,IA,02,,a813e89f-181b-4b3e-a636-a5d8e251380e,2019-03-29
0001000122,KERRIGAN FARMS LLC,C,US,OH,02,,f04a1496-38fa-461e-97b3-ecad230c28bf,2018-11-10
0001000425,LOCKHART T. FAMILY FARMS INC,C,CA,MB,02,,532d45ba-1f93-4009-b3bd-2b9f4d86b694,2022-05-26
0001000162,MERRIWEATHER FARMS LLC,C,CA,SK,02,,075bedcf-176f-4859-8df2-16150f302a34,2019-08-13
0001000220,VANDERMEER AG ENTERPRISES,C,US,SD,02,,d089ac33-303a-4031-95a8-5c20f6e166d2,2009-10-07
0001000136,NORDIN AG ENTERPRISES,C,CA,SK,02,,695f3b9f-b9f8-42f3-bd12-1e508026d8af,2009-08-13
0001000242,VANDERMEER FARMS LLC,C,US,IL,02,,cd303904-5227-4dcc-823f-dc4be0f59576,2011-11-22
0001000004,HOLLOWAY ACRES LTD,C,US,WI,02,,14e4fa29-646e-4926-b894-738c2bdd7568,2014-04-26
0001000190,IVANOV AG ENTERPRISES,C,US,IN,02,,babfac5a-2355-4bc3-8eac-37e966c3afc7,2008-01-05
0001000063,BRENNER & SONS,C,US,SD,02,,bb0837db-d196-4755-b6b8-38dc14c80bcb,2016-09-15
0001000277,ALBRECHT FAMILY FARMS INC,C,US,ND,02,,773dcff1-8215-4331-a50b-5869a6127abf,2015-02-04
0001000073,WINTERS LAND & CATTLE,C,CA,AB,02,,6a49506e-bee1-4c50-846d-624101fbf956,2016-04-03
0001000163,IVERSON FARMS LLC,C,US,MO,02,,e329e316-df25-4d21-bf5a-8efbd46d534d,2021-09-21
0001000373,STEINER FARMING CO,P,US,OH,02,,1333d5fc-bffa-4185-8056-2b06d14f0da0,2020-04-23
0001000144,THOMPSON ACRES LTD,C,US,MO,02,,d81cc23e-46f6-4c93-97df-25307e376517,2012-08-07
0001000329,XIONG FAMILY FARMS INC,C,BR,MT,02,,e88f4f3c-9e81-450c-920c-a766838886fb,2016-07-28
0001000313,MARSH FARMING CO,C,US,OH,02,,e771c3f2-2abb-44d1-83a6-2487a0ee3691,2013-07-18
0001000042,JABLONSKI LAND & CATTLE,C,US,SD,02,,17dbf661-0202-4cfe-9e77-dbd7539c2c89,2010-09-08
0001000031,WHITAKER FAMILY FARMS INC,C,CA,SK,02,,b61d6ed4-f0ca-4c59-b9e3-6e32907c5acb,2011-10-27
0001000391,DELACROIX ACRES LTD,C,US,WI,01,,5ec80c85-afbe-4801-b353-77c20700e62e,2018-02-25
0001000153,STEINER ACRES LTD,C,US,IN,02,,8b99667d-4acd-41b8-8c81-4532898253ae,2009-05-02
0001000072,YODER FARMS,C,US,IL,02,,e87f452b-88f8-4471-a89c-282ad50521ea,2010-09-01
0001000164,BERGSTROM FARMS,C,US,IA,02,,c2747bdb-c4a7-4e3a-8d60-edd057662950,2013-07-17
0001000078,WHITAKER GRAIN CO,C,US,NE,02,,1148f20e-26ad-4d4c-9417-40948c882de1,2021-08-16
0001000374,DELACROIX FARMING CO,P,CA,AB,02,,09ed3a1f-9c1d-4d6d-90fa-dc5b8451214b,2014-06-28
0001000291,QUANDT FARMS LLC,C,US,SD,02,,c007fe13-a60e-4f43-9de7-2b3b8d2366dc,2008-12-03
0001000431,BERGSTROM P. FARMS LLC,C,US,MO,02,,ea8845d1-e3b0-4e69-b573-ff5f28680d1c,2019-02-18
0001000292,GIRARD & SONS,C,US,OH,02,,fb1ab61b-5571-44ba-9d44-4b98148cb9dc,2022-05-04
0001000026,YODER AG ENTERPRISES,C,CA,MB,02,,42ffd3c7-e025-4722-9dde-b463c704cde7,2014-11-23
0001000341,UNDERHILL FAMILY FARMS INC,C,BR,MT,02,,0dbd27af-8813-415c-99af-869902d078ae,2014-05-24
0001000362,TOLLEFSON GRAIN CO,P,US,OH,02,,4f540349-c340-4f05-95ff-8faaab52dfb1,2011-04-03
0001000040,WHITAKER LAND & CATTLE,C,US,NE,02,,7301dde0-c0f7-4adc-bd25-7cf84f202dc1,2021-10-17
0001000406,WINTERS GRAIN CO,C,US,IA,02,X,2201d2ad-efb4-47e9-9f81-b4ae388c69a2,2008-02-07
0001000328,HOLLOWAY AG ENTERPRISES,C,BR,PR,02,,edd24a3b-3966-48bb-a202-ddffc9bd113e,2015-08-20
0001000285,HOLLOWAY FAMILY FARMS INC,C,US,NE,02,,73f54edf-a3dc-4a97-bb9c-10bc5a9f92da,2021-01-12
0001000022,YANCEY FARMS LLC,C,CA,MB,02,,fa94841d-09f6-4ea7-8dc4-5855ac837875,2016-09-03
0001000146,TOLLEFSON ACRES LTD,C,US,MN,02,,5c6810fe-e75c-4e54-be8c-9cc34f8efb52,2018-09-01
0001000182,XIONG AG ENTERPRISES,C,US,KS,02,,1f72abee-293a-409d-a32e-bd0296254078,2020-04-30
0001000204,XIONG FARMS LLC,C,US,KS,02,,cb0b757a-ec01-47c8-ae24-4cce54b23745,2016-08-19
0001000202,EASTMAN GRAIN CO,C,US,MO,02,,ea51fa5d-a90e-486f-93c2-beaf1ae91ae0,2017-10-01
0001000294,QUANDT FAMILY FARMS INC,C,US,WI,02,,3f9ced16-e31d-4da8-868f-fbb3f2d752b5,2017-05-01
0001000156,UNDERHILL FARMING CO,C,US,IA,02,,6e6773f7-dd21-4079-a426-4016317f9e0a,2019-08-18
0001000241,WHITAKER ACRES LTD,C,US,MO,02,,0d88cc5b-9a6d-4e7a-8f04-e212a02b3234,2008-12-10
0001000150,XIONG ACRES LTD,C,US,IL,02,,193b3f79-c71f-4cd8-a8d8-746529309df5,2014-08-26
0001000443,OKAFOR G. FARMING CO,C,CA,MB,02,,95712f0a-e5f8-433c-a915-354b74225471,2024-02-23
0001000198,BERGSTROM AG ENTERPRISES,C,CA,SK,02,,77bb6b9d-f684-49fe-b4e7-f2fbf16375c8,2023-05-13
0001000312,HOLLOWAY FARMING CO,C,US,ND,02,,eef7bc42-30fe-400c-9d4d-8028e2c2b928,2011-01-09
0001000293,CRENSHAW FAMILY FARMS INC,C,US,IA,02,,c9cbfa98-ac9f-4ed0-8beb-5e2bdcdffa4d,2011-11-14
0001000116,YODER FARMS LLC,C,US,IN,02,,396ffa3a-f07f-4b12-8680-b25091c25555,2008-12-18
0001000169,IVANOV LAND & CATTLE,C,US,IN,02,,e4d212e9-5024-4f4d-98bf-6a2fb7143065,2019-03-30
0001000385,QUANDT FARMS,C,US,KS,01,,34311ae9-e268-4f94-af6c-a8d5fca1e11e,2009-07-21
0001000102,KOWALSKI GRAIN CO,C,US,KS,02,,3a349731-8543-466b-9817-05bc144f9e7c,2021-09-23
0001000131,ALBRECHT FARMS,C,US,IL,02,,ec90e3d3-e912-439d-a3c8-7ecf78fbefc5,2011-08-12
0001000314,HARTLEY LAND & CATTLE,C,CA,SK,02,,298849ee-143b-4ceb-b74b-f25791d170bd,2023-03-16
0001000239,MCALLISTER ACRES LTD,C,CA,MB,02,,e3e51018-54d7-4c61-ab85-257482d8d916,2017-08-19
0001000396,THOMPSON FARMS,C,US,NE,03,,e4c8e2ac-4aca-482b-b1bc-7e3372b81fb8,2008-06-12
0001000152,KOWALSKI FARMS,C,US,ND,02,,3adb8733-088b-47cc-b4ac-08f5856cc5bd,2018-04-16
0001000157,THOMPSON AG ENTERPRISES,C,US,MN,02,,30d19c27-4047-49a2-b528-16dfcf3f49ff,2021-09-16
0001000243,DELACROIX GRAIN CO,C,CA,SK,02,,4cc549e0-b175-4896-a2bd-2e441dc0894a,2012-02-10
0001000082,OKAFOR FAMILY FARMS INC,C,US,OH,02,,40bf2940-700a-4c00-ad24-e0e1a72253e1,2013-12-01
0001000330,FALKNER AGRI PARTNERS,C,BR,RS,02,,4c240325-74df-45e8-b66e-ca35f46f0555,2020-11-28
0001000093,MERRIWEATHER AGRI PARTNERS,C,US,IL,02,,e37e79c6-5bcb-4926-8b2a-5eb1c52d6483,2009-08-03
0001000345,MCALLISTER FARMING CO,C,BR,PR,02,,0abc7f4f-c54a-48ab-b96e-439738fefdcf,2016-05-05
0001000408,VANDERMEER T. FAMILY FARMS INC,C,US,KS,02,X,729709d4-e505-4dc3-8be0-1346bf409270,2010-02-11
0001000118,IVANOV FARMS LLC,C,US,MN,02,,3337082c-a77e-40f8-b3a1-52bc49559daf,2008-04-09
0001000421,DRUMMOND G. & SONS,C,US,WI,02,,9fe6a4e9-22c4-40cc-9fbc-29cba4b06be7,2014-04-19
0001000033,ALBRECHT AGRI PARTNERS,C,CA,AB,02,,0ea79d69-5813-402e-b8fa-812e17245feb,2024-06-17
0001000358,KERRIGAN ACRES LTD,P,CA,AB,02,,985b6155-f033-4e97-b76d-0b2130bf3811,2015-08-27
0001000126,BAXTER ACRES LTD,C,US,MO,02,,776f5b98-d8df-4692-8dcd-8e250c0bf8bb,2018-09-07
0001000432,OKAFOR M. GRAIN CO,C,US,SD,03,,baf5833a-5eb9-4d0d-bb43-855a02024837,2008-07-10
0001000207,FALKNER FARMS,C,CA,MB,02,,e36ce98b-6ae8-4b9e-b334-97c0a039a2c2,2023-12-07
0001000188,KOWALSKI & SONS,C,CA,MB,02,,15b6cdb4-550e-45cd-af1e-a559c0cbbef5,2022-05-05
0001000439,PEMBERTON N. FAMILY FARMS INC,C,US,OH,02,,957e0929-b4a3-4c79-b867-a1cf4acdb798,2017-08-20
0001000231,BOUDREAU LAND & CATTLE,C,CA,SK,02,,898a60ee-6e63-42e7-85df-e41186bb37d9,2021-05-22
0001000380,FERREIRA FARMS,P,CA,MB,02,,5c27c1b4-24d3-4e9d-8dff-28a1f455a07d,2014-12-26
0001000416,CALLAHAN G. FARMS LLC,C,US,IL,02,X,1e7380eb-371d-4925-8ed3-7c2301d7fa88,2020-11-24
0001000025,HUMMEL FARMING CO,C,CA,MB,02,,748442ef-64da-41b2-b7bb-d984a6ff026b,2018-03-26
0001000128,HOLLOWAY LAND & CATTLE,C,US,IL,02,,0aa5b745-76c2-41e5-9149-677364971840,2009-01-10
0001000210,ALBRECHT AG ENTERPRISES,C,CA,AB,02,,0e398646-c694-4348-b22e-a605e3ae2ac0,2012-10-03
0001000211,LINDQVIST FARMS,C,CA,MB,02,,d1829889-5bfa-4d37-a2b8-e4b8e6c3540e,2011-12-22
0001000002,DUVAL AG ENTERPRISES,C,CA,SK,02,,7d23012c-89b3-4bdc-aea0-5cb25fecfa91,2019-05-17
0001000423,DUVAL E. LAND & CATTLE,C,US,OH,02,,a64e191a-0278-4324-93f6-b894c0437d90,2009-03-17
0001000010,STEINER & SONS,C,US,NE,02,,e1725e6c-db20-415f-bdfe-5a27503136db,2018-09-14
0001000090,LOCKHART FARMS LLC,C,US,IN,02,,199b5cfa-87c8-4cf8-be2c-3cf94f02ab6c,2009-09-27
0001000361,MCALLISTER AGRI PARTNERS,P,US,MN,02,,f540a4a9-bea2-4550-a856-c3105e248ea8,2020-03-07
0001000096,ZIEGLER FARMS,C,US,KS,02,,4c781d07-fce1-4442-9144-25a7299c74fe,2015-12-07
0001000414,MARSH LAND & CATTLE,C,US,SD,02,X,a0899459-849b-4ac4-aa64-dca4ca21a7af,2019-04-23
0001000189,CRENSHAW & SONS,C,US,KS,02,,c7e48a0e-915b-437d-8682-16e4c2386df6,2022-12-27
0001000323,PRESCOTT AGRI PARTNERS,C,CA,AB,02,,c1efacb2-8c80-4f11-a386-5aa6501d86ec,2010-12-05
0001000092,FERREIRA FAMILY FARMS INC,C,US,OH,02,,fec1d074-f5a9-4a27-a79f-cf2db8951654,2016-08-26
0001000392,BAXTER AG ENTERPRISES,C,US,IL,03,,3a4b9cb5-b3ec-4ba2-90cf-163e9823353e,2019-06-05
0001000378,BOUDREAU AGRI PARTNERS,P,US,MO,02,,47ddaa2e-cc76-4cb9-9ae4-9e797f06a746,2012-10-05
0001000332,JABLONSKI AG ENTERPRISES,C,BR,MT,02,,5d32c14d-0c2d-4745-bc5f-6bfaa31df6fd,2023-03-14
0001000273,IVERSON FAMILY FARMS INC,C,CA,AB,02,,20715ef7-80c0-4762-b4e8-083f3478e4b3,2010-12-05
0001000252,YANCEY GRAIN CO,C,US,IN,02,,78ec8c34-9d28-47e6-99ef-bdb7458ecaee,2012-09-30
0001000155,BRENNER ACRES LTD,C,US,ND,02,,9b29a003-e7ba-445d-9be0-e722db22fd82,2023-02-16
0001000386,FALKNER FARMING CO,C,US,MO,03,,48e30c85-79d1-4504-ab6e-dd52488f0b05,2017-09-23
0001000237,RASMUSSEN AG ENTERPRISES,C,US,MO,02,,642bfb33-6e27-4f0e-b855-cb7039f4a308,2010-12-09
0001000370,NORDIN GRAIN CO,P,US,IN,02,,e9a7ba30-5ca6-4000-b51d-d503163182fe,2015-04-20
0001000091,ASHWORTH FARMING CO,C,CA,AB,02,,4f6f956c-6a13-45a6-b25f-9bd5ee32a81e,2022-08-24
0001000257,CASTELLANO ACRES LTD,C,US,NE,02,,c57dc255-953b-41c3-8cfe-a6a722407444,2008-11-28
0001000172,MCALLISTER FARMS,C,US,OH,02,,8feacae7-e36c-4477-bb78-7721d211e4e4,2019-09-26
0001000227,BOUDREAU FARMS,C,US,MN,02,,cd4d3da0-1c10-461a-a9e9-03c583f90f1d,2012-10-16
0001000167,TOLLEFSON LAND & CATTLE,C,US,KS,02,,ba06ab61-7484-44bf-a843-12c52391e128,2017-05-29
0001000422,THOMPSON F. LAND & CATTLE,C,CA,SK,02,,3b68f4b6-9872-4878-938a-509a13fa8ddf,2010-09-22
0001000176,IVERSON GRAIN CO,C,US,IA,02,,6cf44e42-5760-4a4a-a877-12333ea1203c,2015-04-24
0001000290,REYES GRAIN CO,C,US,IN,02,,cedfe019-e607-468a-b806-6112f5b34eb7,2015-04-24
0001000288,KERRIGAN AGRI PARTNERS,C,US,OH,02,,ee0508f3-069f-4f2c-b6b6-3cf18cb5a699,2014-12-30
0001000016,XIONG & SONS,C,CA,AB,02,,f1994e39-8ec9-45e1-a6c4-d8fa6caeee45,2024-10-20
0001000247,UNDERHILL AG ENTERPRISES,C,US,MN,02,,32e9d3f3-4eb7-43f9-a7e4-bbe08ff39c13,2022-06-12
0001000179,IVERSON ACRES LTD,C,US,IN,02,,fecd21ed-f945-4235-a2dd-663356cdfe15,2008-12-27
0001000184,CRENSHAW FARMS,C,US,MO,02,,a4c4827a-8be3-4e47-b2e0-5850f6a3ee71,2018-05-07
0001000258,JABLONSKI FARMS LLC,C,US,MO,02,,def9a619-9cf5-4389-80e8-b7c26fc00119,2008-12-31
0001000076,BOUDREAU GRAIN CO,C,CA,SK,02,,79d33d61-6bb1-40bd-8c06-b4b26607b8a1,2010-03-07
0001000218,BOUDREAU & SONS,C,US,ND,02,,6700e599-a95d-4d4b-9982-d710d2e8760a,2024-07-29
0001000217,QUANDT & SONS,C,US,ND,02,,65684b01-dc0b-4029-a605-54364d935759,2009-02-20
0001000233,REYES FARMING CO,C,CA,AB,02,,4e52310c-370d-4d8d-9f95-b75e3f76e218,2008-01-06
0001000065,XIONG FARMS,C,US,NE,02,,e996193a-f1f3-4f8f-9234-13afdd8ff6d4,2013-09-10
0001000109,RASMUSSEN ACRES LTD,C,US,MN,02,,ec4eb309-fcb1-459d-89e1-35eef92310de,2020-03-08
0001000259,FERREIRA LAND & CATTLE,C,US,IL,02,,911ebe0d-ef53-4c2b-8309-0d2e4e55ef5b,2022-02-13
0001000035,XIONG GRAIN CO,C,US,MO,02,,5b082dfb-eb23-427a-bdf9-90741fd5fc42,2020-05-16
0001000154,IVERSON AG ENTERPRISES,C,US,WI,02,,e0d11bce-06a0-4e17-86ac-90cbe34562c3,2022-04-11
0001000195,TOLLEFSON AG ENTERPRISES,C,US,SD,02,,f2fc53d5-080e-48ea-a6cc-42c1f975311b,2011-06-08
0001000376,RASMUSSEN AGRI PARTNERS,P,US,NE,02,,8be420a7-c109-4b38-aa3a-889564d3f6af,2009-10-23
0001000019,LINDQVIST LAND & CATTLE,C,CA,AB,02,,a568d17c-4f4b-4d44-a0ed-0ce583808c3a,2009-07-01
0001000236,CASTELLANO & SONS,C,US,KS,02,,26ece562-1437-4b5b-9765-d4dabc59cd48,2014-06-11
0001000043,HOLLOWAY FARMS LLC,C,US,OH,02,,f46ba0c7-ad9f-49e2-8049-ed5875e010ed,2017-11-25
0001000270,HARTLEY FARMS,C,US,WI,02,,4abf63c6-6d14-4221-ae3f-4873807cc676,2013-05-19
0001000417,IVANOV C. AG ENTERPRISES,C,US,MO,02,X,113843f2-3c5f-43a2-9949-73a033a8b2ba,2014-08-31
0001000036,LOCKHART AGRI PARTNERS,C,US,ND,02,,e0955cc4-f635-463a-8cc8-d96bc3be75b5,2018-08-15
0001000318,DIETRICH FARMS,C,US,WI,02,,ece3bd64-88df-4de1-ac46-250b482559bd,2008-05-13
0001000168,IVANOV GRAIN CO,C,CA,MB,02,,6d37bcdc-8799-4707-bb5f-9beffd805b6b,2023-06-03
0001000388,CRENSHAW GRAIN CO,C,US,OH,01,,f8184d0c-117f-4791-8645-a04ee748a988,2011-01-16
0001000005,EASTMAN FAMILY FARMS INC,C,CA,SK,02,,93320d9a-4f6c-4f4f-8d9b-530b68b90bbb,2015-01-21
0001000178,YANCEY LAND & CATTLE,C,CA,MB,02,,8fcfe029-ef42-41e8-8b33-9a3c7c9a025c,2011-01-18
0001000321,CASTELLANO AG ENTERPRISES,C,CA,MB,02,,b05150da-1d9e-4f44-a037-09a687e7f2c6,2012-08-24
0001000029,OKAFOR GRAIN CO,C,US,IL,02,,3156d52d-1787-48dd-8ab7-9149ae96a845,2020-12-09
0001000300,FALKNER FARMS LLC,C,CA,MB,02,,1c858e05-1a45-4d97-9c2f-5b91f5e3fe98,2014-08-20
0001000275,DELACROIX FAMILY FARMS INC,C,US,WI,02,,c379b53e-501c-4f89-95bb-9495a5c44e2b,2012-07-18
0001000127,DRUMMOND FARMING CO,C,CA,ON,02,,3048e989-d12c-4a76-845a-b9b95d21d423,2009-05-14
0001000134,THOMPSON FARMING CO,C,US,WI,02,,fe937538-4c17-4864-a9e5-f41e32bd41d9,2020-12-03
0001000038,DRUMMOND AG ENTERPRISES,C,US,ND,02,,2c1c6086-ffa8-47be-b5b2-60cd31cbdc32,2021-01-01
0001000074,NOVAK AG ENTERPRISES,C,US,ND,02,,24c5f1e2-797d-48e4-900e-3daa3a314970,2009-12-16
0001000331,NOVAK & SONS,C,BR,PR,02,,5f106681-00d5-4e89-96f5-e86c2bca54b9,2008-04-05
0001000185,DRUMMOND & SONS,C,CA,SK,02,,12543ecb-1249-45f1-b01e-156d3c7050c9,2011-04-24
0001000322,UNDERHILL AGRI PARTNERS,C,US,MO,02,,cd820f02-611d-48cd-9bdc-b5498f476494,2023-02-08
0001000320,HARTLEY AG ENTERPRISES,C,CA,MB,02,,1560807d-7980-4694-b648-8b5179911f46,2017-03-21
0001000087,JABLONSKI GRAIN CO,C,US,IN,02,,53588a8b-3e5c-47a7-a53f-9a3868a596ae,2024-02-02
0001000356,BERGSTROM & SONS,P,CA,SK,02,,34a3e1e0-28a5-4d29-b959-fdd6646b2b94,2008-12-01
0001000161,RASMUSSEN FARMS,C,US,IA,02,,9d33915e-1d87-41e5-9edb-edafdf0a60f9,2018-08-17
0001000297,ASHWORTH FARMS,C,US,IN,02,,86a333ad-3d9b-4aca-a87d-4c970b1851d6,2024-01-31
0001000381,LINDQVIST FARMING CO,P,US,MN,02,,1fbb7851-e4f1-4e11-b847-4e78bec31cbd,2015-06-21
0001000068,CRENSHAW FARMING CO,C,US,IN,02,,81e9bfd3-4bdf-4467-9bd4-caa0447308cd,2023-03-30
0001000255,ALBRECHT GRAIN CO,C,CA,MB,02,,a0f478a7-0df6-4c4f-a086-0178d8eb44b6,2023-07-16
0001000387,CRENSHAW FARMS LLC,C,CA,MB,03,,3fb9b2ee-0db9-4e10-9891-101328989284,2008-08-10
0001000263,IVERSON FARMS,C,CA,ON,02,,c6735eac-4c36-473c-b005-d3a09519aace,2024-03-07
0001000427,HOLLOWAY G. FARMING CO,C,US,IL,02,,f485b3cc-a915-40cd-a320-5f4a4181d7a0,2010-07-25
0001000383,GIRARD FARMING CO,P,US,KS,02,,0a63eccf-9fe9-4dc0-9281-35569ba08b63,2021-12-27
0001000305,HUMMEL GRAIN CO,C,US,IN,02,,61eeba53-7680-4019-997f-4f1380ecc5e6,2015-06-06
0001000283,ASHWORTH LAND & CATTLE,C,US,SD,02,,77712b64-4bc8-4aaa-9c5a-7fe758f41fc3,2008-11-03
0001000379,CRENSHAW LAND & CATTLE,P,CA,ON,02,,acfd52c2-a186-4563-84fe-81bd455ba1d9,2020-07-24
0001000206,BAXTER FARMS,C,US,MN,02,,3c11f3ba-f857-4700-8d89-80998aa01991,2009-05-25
0001000404,MERRIWEATHER C. AG ENTERPRISES,C,US,WI,03,,903bfa3e-eb3c-4781-9a2e-481fb93f0358,2008-01-28
0001000215,STEINER FARMS,C,CA,ON,02,,9de704b0-ddaa-4494-a660-5fad9ffd7c8d,2023-03-28
0001000281,BRENNER GRAIN CO,C,US,KS,02,,48f8223d-f869-4d5a-965b-257d789d4636,2016-02-11
0001000411,MARSH H. FAMILY FARMS INC,C,US,ND,02,X,fbed8b1d-25b2-4357-a001-d0679beeb649,2009-10-13
0001000001,ZIEGLER ACRES LTD,C,US,MN,02,,e2f0124e-da24-4053-b18a-7e58a302dace,2009-12-16
0001000094,FALKNER LAND & CATTLE,C,CA,SK,02,,9afb4008-ea4d-45df-b0f9-eab889ceab6c,2017-11-21
0001000366,LINDQVIST GRAIN CO,P,US,SD,02,,bc3a7703-621c-47b4-b719-6f920e642e12,2018-12-31
0001000151,CRENSHAW AGRI PARTNERS,C,US,NE,02,,7f3d6620-8e73-43b5-8b0d-1a19e637d1eb,2009-04-15
0001000444,WHITAKER B. FARMS LLC,C,US,IL,02,,dcbf9920-b405-41b5-94b3-6121f84795f6,2021-11-09
0001000045,QUANDT GRAIN CO,C,CA,ON,02,,2a6c187a-6912-4d82-ae7e-3162e5620534,2022-06-17
0001000262,PRESCOTT FARMS,C,US,MN,02,,2fa80d3f-641e-47c8-b3d4-870c5b422152,2023-08-26
0001000129,OBERLIN FARMING CO,C,US,MO,02,,0dcb11ae-9e69-4fb7-9732-b3dcf1f5d235,2008-09-07
0001000222,QUANDT AG ENTERPRISES,C,US,MN,02,,57b2cdf8-1807-4256-b228-68515c242a78,2013-07-13
0001000173,OKAFOR & SONS,C,US,MN,02,,8ac4eea3-f5ba-44ca-9ee6-97c58a7e6a8b,2014-11-01
0001000006,WHITAKER FARMS LLC,C,US,NE,02,,f0e4a50d-00f8-4d1c-baba-835f7df678ed,2022-10-22
0001000384,WHITAKER AG ENTERPRISES,P,US,ND,02,,678c7288-32fd-4212-9c97-9eea37d02a89,2011-08-19
0001000133,UNDERHILL FARMS LLC,C,US,KS,02,,d18d0e36-41d8-4590-8c82-cb0dbd8d3573,2022-09-10
0001000080,MCALLISTER & SONS,C,US,IA,02,,8108850c-9506-43b5-92d0-ecbbb03938e3,2021-12-02
0001000117,PRESCOTT & SONS,C,US,KS,02,,8bb44fd0-a7e3-432e-a4b3-1b55ab8849c3,2024-03-27
0001000303,BAXTER FAMILY FARMS INC,C,CA,ON,02,,d4bfac67-9f4d-4146-8dad-3e046a2f2db6,2010-09-28
0001000044,WINTERS FARMS,C,US,MN,02,,19e13f3d-43a8-4d63-89cf-27d6335c0fbd,2024-01-04
0001000251,CRENSHAW ACRES LTD,C,US,NE,02,,3c6188ec-2534-4111-8757-f9603be8158a,2013-09-21
0001000201,LOCKHART ACRES LTD,C,CA,MB,02,,989fbb21-9455-4ab7-8642-a31348e51e6e,2013-02-19
0001000071,IVANOV FARMING CO,C,CA,ON,02,,77484e50-c0de-4559-abbf-102c0b7e29a7,2015-01-02
0001000234,PEMBERTON AG ENTERPRISES,C,US,IN,02,,bb04b5fa-567a-4fb3-8ea3-0037f6cfa087,2017-02-14
0001000106,CALLAHAN & SONS,C,US,IL,02,,19b65698-ea51-465e-a564-91dd48c5418c,2024-03-20
0001000158,WHITAKER FARMS,C,US,IA,02,,404d3a63-3840-421c-a9fc-e2c88f3bb2ff,2014-06-04
0001000232,LOCKHART FAMILY FARMS INC,C,US,NE,02,,c95507d7-c1dc-4103-b3ee-f11e17468b33,2016-02-15
0001000326,DELACROIX AG ENTERPRISES,C,BR,GO,02,,951ef462-7cbb-4a98-a744-86ff1d7f3811,2019-11-27
0001000346,YANCEY AGRI PARTNERS,C,BR,RS,02,,cabbf704-8986-4e92-baec-0e79f3e76ead,2023-07-10
0001000142,THOMPSON LAND & CATTLE,C,CA,ON,02,,46cc344d-61ec-4a2f-958b-2a0b3a32fa21,2014-03-20
0001000261,FERREIRA FARMS LLC,C,US,ND,02,,f8d1c15e-9b6a-4b8e-bc60-8a177592bfe6,2011-11-07
0001000420,CASTELLANO S. ACRES LTD,C,US,KS,02,,35a3c10d-af67-4e20-b102-232a24936394,2015-11-28
0001000104,NOVAK FARMS LLC,C,US,MN,02,,d3346837-a77c-4ccc-9154-374f35d41d75,2008-05-05
0001000433,EASTMAN H. FARMING CO,C,US,SD,03,,0066feb8-0539-4749-a764-ae9be538103b,2023-06-20
0001000390,MERRIWEATHER FARMS,C,US,IL,03,,137f5612-b7dc-4029-a824-6040766fb656,2020-12-22
0001000083,BAXTER FARMS LLC,C,US,KS,02,,75c8df5e-9659-4055-a87c-d6fa03550b26,2018-08-23
0001000097,NORDIN FARMS,C,US,IN,02,,f169fa01-d317-4a98-867d-576575eb9d49,2024-12-26
0001000177,ZIEGLER FARMS LLC,C,US,NE,02,,c6e91245-452f-4f49-8ae3-e25dc4c8b3bd,2014-12-14
0001000254,MERRIWEATHER & SONS,C,US,MO,02,,54ea0aa5-59d0-4cae-996b-a6ffcf1c385b,2020-10-03
0001000209,OKAFOR LAND & CATTLE,C,US,WI,02,,58471859-dba2-4a2c-a1f4-a30830e866c0,2012-04-06
0001000103,IVANOV FARMS,C,CA,SK,02,,e89d32f4-c537-44d7-89f5-4f7fd50dbc7d,2019-11-30
0001000352,DUVAL FARMING CO,C,BR,RS,02,,2f52b823-ae87-405b-b0df-3b73bb516f84,2015-04-16
0001000369,FALKNER AG ENTERPRISES,P,US,MO,02,,982e0174-aa88-448c-ac5d-df6ea63b8728,2020-07-18
0001000360,ZIEGLER LAND & CATTLE,P,US,KS,02,,44e488a5-46b6-4583-a879-d222a38637d3,2009-09-01
0001000054,RASMUSSEN & SONS,C,US,ND,02,,0871d49e-dc52-444a-a4c1-b73f849fd147,2015-01-14
0001000119,DRUMMOND FARMS,C,US,OH,02,,ed3d4763-d5bb-4744-b411-fde2eccb1a00,2015-08-02
0001000301,FALKNER ACRES LTD,C,US,WI,02,,bec96ff5-3570-4721-9369-ba1222519984,2019-11-07
0001000440,BRENNER G. & SONS,C,US,MO,02,,88aacebc-de2b-4d47-b04d-0d95a55faf06,2019-10-26
0001000333,CASTELLANO FARMING CO,C,BR,GO,02,,4a2ff0c8-60b8-4cce-a8a5-bd7712d2ec0f,2011-03-03
0001000349,BRENNER AGRI PARTNERS,C,BR,MT,02,,bf562fee-4c18-4461-8dd4-e86b6e82cb64,2008-01-26
0001000375,NOVAK FAMILY FARMS INC,P,US,NE,02,,f58b230e-12de-456f-bd17-d236e79e2a2f,2017-04-07
0001000105,REYES FARMS LLC,C,US,MN,02,,1210863e-e666-40d9-bc19-6d22512e4ee4,2015-10-11
0001000435,CASTELLANO G. AGRI PARTNERS,C,US,IN,02,,c56dceca-cc70-4e0a-97cc-04d593f98a8b,2021-06-28
0001000197,YANCEY & SONS,C,US,ND,02,,79d9882e-e1cc-4bb5-a5a5-9b01b24cecb7,2018-08-31
0001000135,ASHWORTH ACRES LTD,C,CA,ON,02,,bbca98b0-c7af-4fbc-9d66-f2559201d690,2011-01-20
0001000075,DUVAL AGRI PARTNERS,C,US,IN,02,,f4cc99ea-4da9-4040-a63f-cea6482a8095,2013-04-24
0001000371,BRENNER FAMILY FARMS INC,P,CA,SK,02,,a8052674-b4a2-41e9-a80e-cda6b3b63654,2019-02-02
0001000079,GIRARD LAND & CATTLE,C,US,KS,02,,8226af76-20e3-4d73-8b87-242ffb8f41af,2023-06-09
0001000442,UNDERHILL C. FAMILY FARMS INC,C,US,KS,02,,39208c0c-18e5-42db-9751-d3647e5f74bc,2014-07-31
0001000148,ASHWORTH FARMS LLC,C,US,ND,02,,9425e50e-f71e-4f4d-b0cc-80aa8dbeaa2e,2008-05-13
0001000077,KOWALSKI FAMILY FARMS INC,C,CA,MB,02,,d1aa1ade-84a8-4942-bb95-258c10ba3f8e,2015-01-19
0001000415,YANCEY H. GRAIN CO,C,US,ND,02,X,3280a4ba-cee6-4f06-881d-eae1ba2c323d,2012-04-18
0001000410,MCALLISTER D. GRAIN CO,C,CA,SK,02,X,61621962-3bef-4666-8f3d-1646c9dd98f3,2021-10-02
0001000047,VANDERMEER FAMILY FARMS INC,C,US,MN,02,,ef160448-bc46-4f53-aa19-34dc1bd08716,2014-09-05
0001000336,LINDQVIST AGRI PARTNERS,C,BR,GO,02,,521d9347-ada3-46c0-8293-432578ff3cb9,2010-03-11
0001000429,LINDQVIST E. GRAIN CO,C,CA,MB,02,,10772e4e-45f8-4301-86fb-f394f8247a37,2013-06-11
0001000089,DIETRICH LAND & CATTLE,C,US,WI,02,,b1fe3935-4ecd-4822-912a-d0f00611b0e4,2012-05-24
0001000098,YODER AGRI PARTNERS,C,US,NE,02,,7ecdec21-304b-45d1-870b-62387c977f57,2017-01-17
0001000192,HARTLEY AGRI PARTNERS,C,CA,ON,02,,f2ebe7b4-cad7-4c95-a365-0eec6ca0a67b,2013-04-26
0001000011,MARSH & SONS,C,CA,AB,02,,10b76db3-6833-4a55-8a8b-9beae16ec917,2010-03-16
0001000160,HUMMEL AGRI PARTNERS,C,US,NE,02,,8f7a466f-c027-461e-9f5c-7a45317d0da7,2023-01-31
0001000401,HUMMEL M. AG ENTERPRISES,C,US,OH,03,,0d7c13b6-91d9-4bf2-a916-fe7138aefddf,2010-02-21
0001000327,HUMMEL & SONS,C,BR,GO,02,,a69cd658-265f-47fc-ac6f-80a535def908,2009-05-12
0001000419,HARTLEY H. LAND & CATTLE,C,US,IL,02,X,dfbf6310-8a46-47ee-a990-e7d85b8a1894,2024-07-28
0001000394,TOLLEFSON & SONS,C,US,IL,03,,b44f9eee-d511-435c-9929-880bd571209a,2016-08-14
0001000278,GIRARD FARMS LLC,C,US,MN,02,,586e017c-7f86-48ee-ac2e-8293e95250a3,2015-11-24
0001000405,VANDERMEER & SONS,C,US,MN,02,X,93d4a4ca-5e58-4eab-9929-d60c8502a892,2009-05-29
0001000289,PRESCOTT ACRES LTD,C,US,MO,02,,96f34085-9205-4e64-8860-db965d0ea303,2011-07-01
0001000085,RASMUSSEN GRAIN CO,C,US,ND,02,,5af99691-9240-415f-862a-440bfdd27e37,2009-07-14
0001000159,HUMMEL AG ENTERPRISES,C,US,MO,02,,371e729a-0bba-4d6f-95b2-03b05c141536,2019-05-12
0001000298,MARSH FARMS LLC,C,US,WI,02,,3f55bb8c-4473-434b-8f41-736f35be5b99,2008-10-02
0001000027,RASMUSSEN FARMS LLC,C,US,MO,02,,9056148e-64e4-47e1-8ba7-50b1bfb09536,2014-01-31
0001000342,DUVAL LAND & CATTLE,C,BR,GO,02,,e0f6399c-819a-4272-8680-211287c2f910,2015-01-10
0001000014,OBERLIN GRAIN CO,C,US,WI,02,,e2dfac12-7717-49fa-9891-f12eab9bea5f,2021-11-13
0001000377,BAXTER & SONS,P,US,OH,02,,45b1200d-9118-4d2f-b30d-e564a2caa832,2020-03-31
0001000436,WINTERS T. FARMING CO,C,US,KS,02,,536cf58c-16bc-4eac-966f-e7c203b5e635,2020-11-03
0001000260,BOUDREAU FARMS LLC,C,US,SD,02,,edfa1226-4f43-4d78-8721-c356f3ac1bf6,2016-09-15
0001000219,KOWALSKI LAND & CATTLE,C,US,IN,02,,d1e94e3b-d18b-4257-af97-158f0a562131,2021-06-06
0001000039,WINTERS ACRES LTD,C,CA,SK,02,,d33f4c6c-3a65-48ed-aa28-4c511733409f,2015-04-28
0001000124,EASTMAN FARMS LLC,C,US,MO,02,,50d1a460-2db4-4afe-9bf8-e683c16637a6,2014-06-11
0001000009,ASHWORTH FAMILY FARMS INC,C,US,OH,02,,c26ce5ed-28d3-44a6-bc0e-b9c2bcdc407d,2016-02-13
0001000224,NORDIN ACRES LTD,C,US,IN,02,,f8697429-cbd8-4073-bfc3-211ebe2a639a,2020-06-28
0001000354,KOWALSKI FARMS LLC,C,BR,PR,02,,decdd13e-00fd-4147-a415-ece20aa71381,2022-10-15
0001000056,IVERSON AGRI PARTNERS,C,CA,MB,02,,a3292632-5784-4fea-aba0-e6ad4804f7ab,2014-05-27
0001000308,NOVAK FARMS,C,US,SD,02,,8d836448-9f85-421d-9689-60253eb4a9fe,2018-12-05
0001000125,DELACROIX FARMS LLC,C,US,OH,02,,55ad0aed-de74-4cf9-9d3b-6f193900a056,2017-06-12
0001000021,NORDIN FARMS LLC,C,US,MO,02,,24c74ffe-359b-47d4-8871-6b42141d2b41,2021-01-21
0001000244,HUMMEL FARMS LLC,C,CA,ON,02,,147d4883-36e3-492b-be6d-bc1373f9ee0b,2009-09-16
0001000048,JABLONSKI & SONS,C,CA,AB,02,,6e52550d-9a44-4cea-bcea-fa46760d566f,2024-10-08
0001000196,DUVAL & SONS,C,US,IL,02,,1c17d8d1-b806-4859-9379-13b13cb4c1fb,2017-12-11
0001000171,OBERLIN AG ENTERPRISES,C,CA,ON,02,,f84ea536-4e6a-4b9f-a310-7ebfe2ee1526,2021-11-02
0001000221,FALKNER GRAIN CO,C,US,SD,02,,46c374d8-df4d-4c8f-b316-07241a484b8e,2010-02-20
0001000049,VANDERMEER FARMING CO,C,US,IL,02,,82a05339-7c59-4e62-8df4-8cff8e911973,2018-07-26
0001000067,OKAFOR ACRES LTD,C,US,IN,02,,b011e9a4-f5e3-44f2-b561-e36520b2b529,2021-02-16
0001000062,MARSH ACRES LTD,C,US,ND,02,,9a0a127c-e3af-4e80-8572-30d3899170ba,2015-06-08
0001000271,KERRIGAN FAMILY FARMS INC,C,US,WI,02,,41b1767f-4410-496a-84ce-088c4c2dab37,2017-05-25
0001000003,MARSH FAMILY FARMS INC,C,CA,SK,02,,6416c67d-e250-4709-a771-d80a4e376d12,2021-10-15
0001000248,JABLONSKI ACRES LTD,C,US,ND,02,,ed39ab80-fe66-4c64-bf27-aec6c34e6de7,2021-04-26
0001000339,CALLAHAN FARMS,C,BR,MT,02,,7c346454-ca93-4504-a336-90fb5edb507c,2019-03-21
0001000306,EASTMAN AG ENTERPRISES,C,US,MO,02,,acff2061-0660-4e89-b278-4f5141bead84,2013-07-29
0001000287,LOCKHART GRAIN CO,C,CA,SK,02,,0141b2c1-7b61-4fb4-bc0f-7472504d2f1c,2015-10-17
0001000061,YODER ACRES LTD,C,US,IL,02,,17c179c1-2f73-4922-be92-2bb87159ca7b,2013-01-11
0001000107,DIETRICH & SONS,C,US,ND,02,,6a9491a6-8f86-4e5d-8dcd-1cca45fc5a79,2019-10-13
0001000389,KERRIGAN GRAIN CO,C,US,NE,03,,47eeae13-6782-410c-b0f7-e7562aab0295,2018-12-23
0001000212,PRESCOTT FARMS LLC,C,US,NE,02,,6853fab9-6421-4ff4-9bfe-8ead378f0a44,2009-04-24
0001000114,ZIEGLER & SONS,C,US,OH,02,,6cc7353c-3616-47d8-9267-f66800647ebb,2015-11-26
0001000226,DUVAL GRAIN CO,C,CA,ON,02,,0956bdd8-20d4-460f-ba16-4ab4c9c1a8e6,2008-09-05
0001000084,GIRARD FAMILY FARMS INC,C,CA,MB,02,,0ca39d52-8de4-410f-9ab5-d9cece39b01d,2024-10-03
0001000055,BERGSTROM LAND & CATTLE,C,US,WI,02,,0f1f7ade-c119-4e72-8445-b7f31ae0b07a,2024-03-31
0001000028,THOMPSON & SONS,C,US,KS,02,,37adb71b-0f3e-4938-b5d3-5266ed0d55eb,2019-11-17
0001004523,HARTLEY FAMILY FARMS INC,C,US,IA,02,,c91b6a02-42fd-4e77-a8b3-91d0f2e6c554,2011-06-30
0001000304,TOLLEFSON AGRI PARTNERS,C,US,WI,02,,1789c317-5e9e-428c-8464-47b472f53239,2023-05-10
0001000187,ZIEGLER AG ENTERPRISES,C,US,NE,02,,a5a09b60-120d-4982-abf0-b07ec3bef9ba,2015-12-08
0001000099,OBERLIN LAND & CATTLE,C,US,IL,02,,99461fcd-5a85-493a-9065-4321092922a0,2015-04-18
0001000194,VANDERMEER FARMS,C,CA,MB,02,,ae5af216-6095-41e2-93c8-d2ce2bd636e3,2023-03-06
0001000101,PRESCOTT LAND & CATTLE,C,US,WI,02,,4e5796e1-01c2-45bc-917c-61d56374d38e,2013-12-12
0001000315,QUANDT LAND & CATTLE,C,US,NE,02,,5bc84f3d-9c94-472f-a90d-aee2b0fab849,2022-01-15
0001000139,DRUMMOND GRAIN CO,C,US,SD,02,,de508df9-58ae-4269-a6e2-9f2b556a596d,2015-09-25
0001000266,TOLLEFSON FARMS LLC,C,US,IL,02,,56de7130-5b81-4e81-b307-7c0ee77c0d76,2015-03-31
0001000295,DIETRICH FARMING CO,C,CA,MB,02,,1a2920b8-8de6-4282-86c6-99d82e560729,2012-05-09
0001000170,EASTMAN FARMING CO,C,US,ND,02,,01cac262-afc9-4f00-ad42-f886073e302c,2017-04-27
0001000208,DIETRICH FARMS LLC,C,US,IL,02,,aece98ba-c483-4efa-a02a-e647fcb3cd58,2018-10-03
0001000070,MERRIWEATHER FAMILY FARMS INC,C,US,IA,02,,7fca4430-5873-4185-9967-5c9ca50fd5a4,2015-12-22
0001000418,CASTELLANO T. LAND & CATTLE,C,CA,ON,02,X,523a0d56-8fdc-477e-88e2-b4696959a5f9,2008-04-06
0001000057,XIONG AGRI PARTNERS,C,US,OH,02,,0bdd65d6-9f8a-4338-b2bf-740be3f9033e,2018-06-27
0001000276,LINDQVIST ACRES LTD,C,US,MO,02,,9b71e59f-569b-4688-a992-5fb6c96e2a31,2010-05-29
0001000058,RASMUSSEN FARMING CO,C,US,KS,02,,e317af08-6332-43fd-9625-6181a22f08fa,2015-02-02
0001000138,PEMBERTON & SONS,C,US,SD,02,,2f3d00e6-5d46-4398-aa4a-26824b6c5180,2018-08-31
0001000407,CALLAHAN AG ENTERPRISES,C,CA,MB,02,X,6cfdd5e9-1ef2-43a4-9dd4-c409831e225f,2018-12-23
0001000335,ASHWORTH GRAIN CO,C,BR,GO,02,,a2509fc9-658b-4f67-9153-7480cdf1bef0,2023-03-30
0001000193,FALKNER & SONS,C,CA,SK,02,,82cd6a50-116e-4ea0-8adb-b123b5f8bddd,2020-08-15
0001000229,WINTERS FARMS LLC,C,CA,MB,02,,66c88d43-3186-4433-a3f7-3d2da309e389,2015-01-29
0001000400,JABLONSKI FARMS,C,US,MN,01,,c571ace5-bd53-4399-9b5b-1eff3e629393,2014-01-01
0001000149,KOWALSKI AG ENTERPRISES,C,CA,AB,02,,edda462c-1d87-4264-8f11-efc1e8a77980,2022-04-13
0001000409,VANDERMEER GRAIN CO,C,US,WI,02,X,966e7d0f-889e-49ff-9e6b-de31f69ed182,2018-04-10
0001000130,MERRIWEATHER LAND & CATTLE,C,US,KS,02,,8ba66318-312b-4cd3-bc4c-5c2a4fbef6f2,2016-08-28
0001000199,ZIEGLER AGRI PARTNERS,C,US,NE,02,,7f12c673-085f-498b-8e54-a5ee84923340,2012-08-05
0001000296,BAXTER FARMING CO,C,CA,SK,02,,96612f6d-e21a-4501-9a41-b40a634766dd,2020-01-08
0001000174,KERRIGAN FARMING CO,C,US,IA,02,,81ec0c23-1d2b-4fe3-9e2a-8f36f0586293,2015-01-14
0001000324,HARTLEY & SONS,C,BR,GO,02,,2de34216-6f88-4fb2-b287-9e77c131ec29,2023-08-04
0001000348,TOLLEFSON FARMS,C,BR,MT,02,,5d35dfd5-dae8-45bf-b76f-e792a3ab3fc0,2014-08-17
