farm_id,farmer_id,farm_name,status,is_test,country_code,enterprise_id,created_at,updated_at
ad-frm-000448,ad-fmr-000259,Castellano East Place,active,false,CAN,c12aa6c9-91f2-45f5-a4d9-d80391d90f2f,2024-10-05T15:30:37Z,2026-05-02T23:45:48Z
ad-frm-000015,ad-fmr-000007,Ashworth Home Ground,active,false,USA,e0ecf840-902e-4957-9bd1-0d4677c53d67,2026-03-05T10:17:58Z,2026-04-01T18:29:21Z
ad-frm-000348,ad-fmr-000195,Tollefson Valley Ground,active,false,USA,3bef14f5-0ff4-4e5b-b2c3-5f61e9693233,2025-03-05T13:57:27Z,2026-05-09T02:24:23Z
ad-frm-000421,ad-fmr-000232,Okafor East Farm,active,false,USA,e2281dba-4dc9-4a29-866d-e7f15b20e553,2025-04-23T09:10:10Z,2026-01-24T11:43:06Z
ad-frm-000320,ad-fmr-000178,Yancey East Section,active,false,CAN,647b5ebf-712d-4127-b254-22b4782a7070,2025-08-06T12:34:14Z,2026-02-06T16:49:23Z
ad-frm-000446,ad-fmr-000257,Marsh Lake Place,active,false,USA,6c697855-b49a-4a7d-a682-de0e38ca7671,2024-10-07T13:24:47Z,
ad-frm-000049,ad-fmr-000026,Yoder Creek Place,active,false,CAN,2626606c-1013-42a3-b31f-3021fecdda28,2026-03-03T15:28:35Z,2026-06-14T04:47:24Z
ad-frm-000185,ad-fmr-000103,Ivanov Valley Farm,active,false,CAN,f0b763a3-720c-41c3-8c60-fce94e8e5d04,2026-03-02T19:32:24Z,2026-05-11T08:40:16Z
ad-frm-000486,ad-fmr-000297,Ivanov Hilltop Farm,inactive,false,USA,82b85aef-4702-4a4b-bd86-489794f60ce3,2026-04-22T13:31:32Z,
ad-frm-000282,ad-fmr-000157,Thompson Home Ranch,active,false,USA,ac7827be-7930-4d36-9ce0-b93bf50a3cdc,2026-04-21T14:20:03Z,
ad-frm-000186,ad-fmr-000103,Ivanov Old Ranch,active,false,CAN,a7cef302-5610-4424-9798-0ceab1c52c6c,2026-03-04T13:29:59Z,2026-06-21T00:38:11Z
ad-frm-000297,ad-fmr-000165,Steiner North Place,active,false,USA,d9328c9b-a0ca-41ba-a1df-c2a419aab14f,2024-10-08T18:31:28Z,2025-10-17T12:25:15Z
ad-frm-000076,ad-fmr-000042,Jablonski New Homestead,active,false,USA,d49b2e71-1e88-4873-a855-ba185eb06e67,2026-04-23T18:39:54Z,2026-06-27T17:10:07Z
ad-frm-000113,ad-fmr-000063,Brenner Creek Farm,active,false,USA,4174168a-ddec-43af-9935-7550d59470d0,2024-10-07T16:57:52Z,2025-04-28T03:18:52Z
ad-frm-000454,ad-fmr-000265,Ferreira West Homestead,active,true,USA,f71ae50e-487b-4c30-b2ba-83b63aafaee3,2025-01-15T06:05:49Z,2025-05-12T03:24:25Z
ad-frm-000401,ad-fmr-000221,Baxter East Quarter,active,false,USA,c199f06b-9f72-4215-bc1e-61120a55db76,2026-04-23T07:30:52Z,2026-06-24T00:37:43Z
ad-frm-000203,ad-fmr-000113,Duval Lower Quarter,active,false,CAN,4c447de4-40e8-4766-84ae-4d8511fd8bd2,2025-11-12T03:16:08Z,2026-04-30T17:57:01Z
ad-frm-000424,ad-fmr-000235,Prescott Home Ranch,active,false,USA,09c628a1-f60f-459b-bef6-08dfadb4249e,2025-04-24T08:09:52Z,2025-06-26T07:32:32Z
ad-frm-000313,ad-fmr-000174,Kerrigan River Ground,active,false,USA,211befc4-8496-4f73-b844-93be9431e5e5,2025-01-16T11:50:53Z,2025-10-27T15:30:30Z
ad-frm-000321,ad-fmr-000178,Yancey Lower Ranch,active,false,CAN,9e3df21c-78d7-4e90-9bce-8bdb9cff3d46,2025-08-06T14:59:07Z,2026-04-25T19:21:02Z
ad-frm-000388,ad-fmr-000214,Holloway Creek Ranch,active,false,USA,69d00564-8ce5-4481-8531-0f07bd3f2649,2026-01-14T20:28:28Z,2026-05-18T04:56:13Z
ad-frm-000442,ad-fmr-000253,Hartley North Quarter,active,false,USA,f1bf77d9-fafa-4f45-9042-cbc22bdbdb63,2025-06-12T16:01:20Z,
ad-frm-000368,ad-fmr-000203,Jablonski North Place,active,false,USA,7a91765f-c9fb-49b5-946c-966c9c97323f,2025-09-25T13:46:18Z,2026-05-16T09:29:29Z
ad-frm-000328,ad-fmr-000183,Brenner North Farm,active,false,USA,a8bb0687-045e-4553-8f30-f62486ef27fc,2025-04-24T09:30:58Z,
ad-frm-000225,ad-fmr-000122,Kerrigan Home Ground,active,false,USA,b9ff1dd9-cdf5-492f-ae3e-c924da6cfdc2,2026-01-13T18:47:29Z,2026-04-13T00:11:04Z
ad-frm-000237,ad-fmr-000129,Oberlin Ridge Quarter,active,false,USA,682acfc2-0992-48f9-af86-5217bfa77728,2024-10-08T04:56:09Z,2026-02-06T08:02:41Z
ad-frm-000148,ad-fmr-000082,Okafor New Quarter,active,false,USA,41643420-1362-4388-bb9c-322c9b0d255d,2026-01-13T16:22:13Z,
ad-frm-000199,ad-fmr-000110,Kowalski Home Section,active,false,CAN,95829f15-d7c1-4d31-88f0-7c23a522bf47,2025-09-23T19:24:51Z,2025-10-17T04:03:14Z
ad-frm-000042,ad-fmr-000022,Yancey Home Quarter,active,false,CAN,06b01630-325d-43c4-b63b-7e1d1aab65f1,2026-03-02T17:39:49Z,
ad-frm-000137,ad-fmr-000076,Boudreau Prairie Quarter,active,false,CAN,bf4d276d-d8db-4c5f-b4f3-bd91ced26f93,2025-03-06T16:41:30Z,
ad-frm-000513,ad-fmr-000324,Okafor South Quarter,inactive,false,USA,88310496-4f76-46a8-a7bb-57f4d543edf0,2024-10-07T23:07:48Z,
ad-frm-000242,ad-fmr-000133,Underhill North Ranch,active,false,USA,387c3986-4e71-427a-b54d-afc05315b417,2024-10-08T12:29:25Z,2024-12-25T09:36:36Z
ad-frm-000283,ad-fmr-000158,Whitaker Creek Section,active,false,USA,a7ecfed1-0f1c-4301-80c3-30b51bf1aa9a,2026-04-22T12:35:50Z,
ad-frm-000085,ad-fmr-000046,Quandt Lower Section,active,false,USA,12b6918e-dfd8-49a8-a29d-0380a0e235c3,2026-04-23T09:28:46Z,
ad-frm-000383,ad-fmr-000211,Oberlin Hilltop Ground,active,false,USA,bf45b062-ec75-4109-a10b-433a2a56acfc,2026-01-14T20:40:55Z,2026-04-21T00:52:25Z
ad-frm-000151,ad-fmr-000084,Girard North Ranch,active,false,CAN,5a3c0483-0a24-4296-b3e4-67e59c99f2fc,2025-08-06T11:44:30Z,
ad-frm-000053,ad-fmr-000028,Thompson North Homestead,active,false,USA,80368172-26a9-4180-8c7a-1b6869acf456,2025-08-05T00:11:41Z,2026-02-08T03:55:48Z
ad-frm-000292,ad-fmr-000162,Merriweather Old Ranch,active,false,CAN,af01fa12-6eb5-4b7c-8106-124e32e94191,2026-03-02T18:14:01Z,2026-06-14T17:13:14Z
ad-frm-000005,ad-fmr-000002,Duval Creek Quarter,active,false,CAN,e6d72e8c-bd27-49df-ba68-ea62bbd5d330,2025-08-06T19:44:02Z,2026-05-30T17:20:31Z
ad-frm-000305,ad-fmr-000170,Eastman Creek Homestead,active,false,USA,4bdc542f-6350-4cdf-a499-978af5da5998,2026-03-05T00:42:20Z,2026-06-28T20:43:27Z
ad-frm-000108,ad-fmr-000059,Novak River Place,active,false,CAN,8fd7bc3b-d81d-4c8c-a269-b22c93bdad1f,2025-04-23T09:49:32Z,
ad-frm-000467,ad-fmr-000278,Iverson Lake Farm,active,true,USA,3a090f88-1801-4536-9503-703b5e9fb64c,2025-09-24T10:57:48Z,2026-06-10T06:48:54Z
ad-frm-000219,ad-fmr-000120,Delacroix North Section,active,false,USA,7d29f350-66a1-4a7f-ba4a-b67a9e6c1ad1,2025-11-13T11:47:44Z,2026-02-05T19:16:08Z
ad-frm-000209,ad-fmr-000116,Yoder River Place,active,false,USA,264696c2-8d17-40b3-ae3b-b986db3d698c,2026-04-21T09:45:24Z,
ad-frm-000504,ad-fmr-000315,Lindqvist Valley Quarter,archived,false,USA,2524e600-299a-41b7-b62d-6599ea84130a,2025-01-16T12:24:29Z,
ad-frm-000422,ad-fmr-000233,Lockhart North Farm,active,false,CAN,60182bf6-f5fa-4332-a5e4-d584bd34196f,2026-03-02T09:02:05Z,2026-04-24T15:07:10Z
ad-frm-000163,ad-fmr-000091,Ashworth Prairie Place,active,false,CAN,1c2f2310-44f4-4e86-a6f4-3bd324338d62,2026-01-14T03:50:46Z,
ad-frm-000019,ad-fmr-000009,Ashworth Home Ground,active,false,USA,7a3abb0a-da7a-4545-8bda-7ecc0554c6d9,2026-04-22T07:47:30Z,
ad-frm-000488,ad-fmr-000299,Falkner South Section,inactive,false,USA,93c3b362-7b87-4edd-9c75-47e7b5f12477,2025-03-04T19:30:41Z,2025-09-03T22:05:36Z
ad-frm-000133,ad-fmr-000074,Novak New Homestead,active,false,USA,cea50e27-a91f-497f-bcfa-1554f4b6a8e2,2026-01-12T16:05:13Z,2026-02-17T21:08:34Z
ad-frm-000107,ad-fmr-000058,Rasmussen Valley Farm,active,false,USA,8fa577b5-edd8-4fbf-96cc-e81606f628ca,2025-04-22T18:34:34Z,2026-01-15T14:34:15Z
ad-frm-000195,ad-fmr-000108,Dietrich Creek Ranch,active,false,USA,b05f07eb-9a0d-4e0a-b318-4b0470f75017,2026-04-23T12:59:06Z,
ad-frm-000248,ad-fmr-000136,Nordin Hilltop Quarter,active,false,CAN,717d8608-8733-4f9f-8476-0c8e05b99d2a,2025-09-23T06:18:10Z,
ad-frm-000172,ad-fmr-000095,Dietrich Lake Place,active,false,USA,7b7130a3-0eb1-41d5-ab3b-a555cf8548a0,2026-03-03T12:33:04Z,2026-05-18T13:36:55Z
ad-frm-000470,ad-fmr-000281,Marsh River Ground,active,true,CAN,4697c791-25b0-4620-b97d-c68ed1b4fbb5,2026-04-23T22:47:56Z,2026-06-18T09:57:44Z
ad-frm-000226,ad-fmr-000123,Duval Lake Section,active,false,CAN,e1097045-e3ec-4b29-be50-74052db9e95e,2026-03-02T20:50:00Z,2026-03-27T17:38:27Z
ad-frm-000480,ad-fmr-000291,Whitaker River Place,inactive,false,USA,65a9f86b-8d80-4df2-95c7-5a24fc6380e1,2025-06-09T17:48:06Z,2025-11-26T01:37:04Z
ad-frm-000040,ad-fmr-000021,Nordin Creek Farm,active,false,USA,32ff8f26-0ce4-44f3-b349-0b274a79da52,2025-03-06T04:47:25Z,2026-06-14T13:39:30Z
ad-frm-000479,ad-fmr-000290,Vandermeer North Quarter,inactive,false,USA,13add909-d462-461f-9002-393bd85bce10,2024-11-14T06:36:01Z,2026-03-01T14:54:54Z
ad-frm-000519,ad-fmr-000330,Brenner River Homestead,active,false,USA,4b88cb2e-8b14-4178-a920-7e46d4461264,2026-01-15T10:32:50Z,
ad-frm-000102,ad-fmr-000055,Bergstrom New Farm,active,false,USA,e81394f2-9078-42af-b4ba-8879215cfce3,2025-01-15T19:20:38Z,2025-08-08T12:12:33Z
ad-frm-000112,ad-fmr-000062,Marsh River Homestead,active,false,USA,3a684639-29d0-4bf1-afef-b3b70d3d3fdd,2026-03-02T12:48:38Z,2026-06-16T19:06:30Z
ad-frm-000101,ad-fmr-000055,Bergstrom Valley Place,active,false,USA,68964985-2ed5-40ef-b4ca-4987fd176559,2025-06-10T19:30:35Z,2025-12-06T15:38:23Z
ad-frm-000273,ad-fmr-000151,Crenshaw Creek Farm,active,false,USA,f42b0329-469a-4626-b149-bf3a02a41752,2025-11-12T16:24:00Z,2026-03-18T20:07:45Z
ad-frm-000405,ad-fmr-000223,Nordin North Place,active,false,CAN,698379a1-5351-43dd-85ba-6bac412464dd,2026-01-14T05:44:40Z,
ad-frm-000191,ad-fmr-000106,Callahan Valley Ground,active,false,USA,5db0accf-9580-4b28-aead-d397f3dafae9,2024-10-07T11:51:50Z,
ad-frm-000116,ad-fmr-000064,Brenner River Ground,active,false,USA,0acff9a8-c2be-416f-a341-cc14bbcf9a22,2025-11-11T10:52:27Z,
ad-frm-000142,ad-fmr-000078,Whitaker Upper Quarter,active,false,USA,638e3dc0-c389-4782-9d3b-2c8f2c984ad0,2026-04-22T13:30:30Z,
ad-frm-000325,ad-fmr-000180,Castellano Lake Quarter,active,false,USA,ecb4c888-db27-4b1f-89af-c0d9b0e88b4d,2025-03-06T07:43:12Z,2025-04-28T13:15:00Z
ad-frm-000274,ad-fmr-000152,Kowalski Old Section,active,false,USA,bbbca127-6f5c-417f-9819-0df7ebecabd1,2025-09-25T13:08:14Z,
ad-frm-000410,ad-fmr-000226,Merriweather Ridge Farm,active,false,CAN,1c70f2e5-420a-45e1-b98f-96014fda8ce1,2025-09-25T18:30:17Z,2025-12-08T02:59:32Z
ad-frm-000264,ad-fmr-000146,Tollefson Hilltop Quarter,active,false,USA,a90e779c-147d-44cb-be65-a66b9f92120d,2025-03-05T08:45:24Z,
ad-frm-000350,ad-fmr-000196,Duval Hilltop Farm,active,false,USA,70f16b9a-9ed8-4dd5-8701-b14136f8c1c0,2025-11-12T20:27:18Z,2026-06-29T02:28:32Z
ad-frm-000316,ad-fmr-000176,Iverson Lake Ground,active,false,USA,af97a382-c007-4220-b3cd-4173815eaacd,2025-06-11T18:15:23Z,
ad-frm-000395,ad-fmr-000218,Holloway Upper Ground,active,false,USA,0af3058e-b7ff-4bb2-aca4-21da367607e4,2026-04-21T16:31:37Z,2026-05-04T18:55:34Z
ad-frm-000491,ad-fmr-000302,Falkner River Quarter,inactive,false,USA,ac41e298-e08a-4a11-b74d-b9d6179ca5b3,2024-11-14T18:39:13Z,2026-04-26T15:59:44Z
ad-frm-000267,ad-fmr-000148,Ashworth New Quarter,active,false,USA,0801c52f-cbb3-4d81-9102-cbd5a80ef873,2024-10-07T14:18:32Z,2026-02-28T22:24:08Z
ad-frm-000429,ad-fmr-000240,Quandt Old Ground,active,false,USA,726ec5d2-9748-4e11-93d4-50cdb099fb2b,2026-04-20T09:48:39Z,2026-06-11T21:28:05Z
ad-frm-000270,ad-fmr-000150,Xiong New Homestead,active,false,USA,bf57a57e-1699-46ed-bdd1-cc5d18e9f067,2026-04-24T13:30:41Z,
ad-frm-000511,ad-fmr-000322,Okafor Prairie Quarter,inactive,false,USA,edcbf60a-8940-447a-b12a-925a293f352c,2024-11-11T14:41:42Z,2026-05-23T20:58:29Z
ad-frm-000247,ad-fmr-000136,Nordin Ridge Farm,active,false,CAN,5f4ac2ac-8b57-422c-b328-a54f4a696b6d,2025-08-06T19:50:26Z,2026-02-07T05:38:45Z
ad-frm-000399,ad-fmr-000220,Albrecht Lake Ranch,active,false,USA,309a51ef-6ca9-4fb3-95ec-2a89e0c331bd,2026-04-21T15:53:10Z,2026-04-29T06:33:17Z
ad-frm-000516,ad-fmr-000327,Nordin Upper Ground,active,false,USA,d6833901-7e5a-407c-a685-1f2a1ac5fde4,2026-04-21T20:44:46Z,2026-05-02T15:21:08Z
ad-frm-000256,ad-fmr-000142,Thompson Old Quarter,active,false,CAN,fe2916b0-d62d-4c9e-8465-19a29c6e938d,2025-09-25T05:18:24Z,
ad-frm-000489,ad-fmr-000300,Girard Creek Ground,inactive,false,USA,e1ce8612-2293-4e71-81cf-ecc12d93407b,2026-01-15T09:36:48Z,2026-06-18T13:44:15Z
ad-frm-000418,ad-fmr-000230,Nordin Prairie Homestead,active,false,USA,76afd817-2269-49bc-89cd-6be424a8c90e,2025-06-11T16:28:55Z,
ad-frm-000244,ad-fmr-000134,Thompson Ridge Ground,active,false,USA,6e3dcbc2-5200-43f1-be29-80c02d395124,2025-06-10T20:47:46Z,
ad-frm-000259,ad-fmr-000144,Thompson New Farm,active,false,USA,d3a0e2c1-3555-486c-b2c1-397965bd78b4,2025-04-24T08:46:18Z,
ad-frm-000038,ad-fmr-000020,Crenshaw Home Section,active,false,USA,be85658b-130b-4d26-99f3-e0e7b4fe009a,2026-04-23T14:14:19Z,2026-06-07T13:22:07Z
ad-frm-000471,ad-fmr-000282,Ivanov East Place,active,true,USA,13c5d100-54fc-4b48-ab6d-94d42e651078,2025-01-16T03:23:54Z,
ad-frm-000097,ad-fmr-000053,Winters Old Quarter,active,false,USA,9e95f359-800f-4aff-8547-3c5f79cfa176,2026-03-02T11:46:20Z,
ad-frm-000022,ad-fmr-000011,Marsh Home Farm,active,false,CAN,9f0f03de-1786-47c4-86fd-f5062e9aa97d,2024-10-07T07:08:44Z,
ad-frm-000211,ad-fmr-000117,Prescott Valley Ranch,active,false,USA,a08c2f1b-b0e8-45c8-b26d-482959367aab,2026-01-13T09:34:07Z,2026-02-25T18:50:17Z
ad-frm-000475,ad-fmr-000286,Steiner North Ranch,active,true,USA,3e641e62-43a5-4d38-a30a-708ae597009a,2025-09-23T11:32:42Z,
ad-frm-000160,ad-fmr-000089,Dietrich Old Ground,active,false,USA,87f119fb-53d9-42e5-a46d-98f646609867,2025-08-06T19:51:04Z,2026-03-30T19:07:02Z
ad-frm-000131,ad-fmr-000073,Winters Ridge Quarter,active,false,CAN,01b22543-ed4a-4b80-9e60-a4e3aa6024d5,2026-04-20T06:29:13Z,
ad-frm-001206,ad-fmr-000412,Hartley North Farm,active,false,USA,77b3c6d8-8e10-49a4-9f2b-3f4a1c9d20e6,2024-10-05T14:22:31Z,2025-12-01T16:44:09Z
ad-frm-000376,ad-fmr-000207,Yancey Valley Ground,active,false,USA,cecde8ed-50ec-4814-a1c8-cb8f69712f4c,2026-04-23T10:56:57Z,
ad-frm-000293,ad-fmr-000163,Iverson Upper Farm,active,false,USA,e008b67b-a8a4-4415-86b7-9273f5a7d7d7,2025-04-23T08:40:52Z,2025-08-24T17:06:39Z
ad-frm-000495,ad-fmr-000306,Holloway West Section,inactive,false,USA,01666ef0-c22b-423b-8bee-dd93d37343c6,2026-03-03T19:06:32Z,2026-04-04T09:32:15Z
ad-frm-000478,ad-fmr-000289,Oberlin Valley Ground,inactive,false,CAN,2d66a1eb-a942-4158-8317-0ba87da054b4,2025-06-11T00:16:49Z,2026-06-10T10:42:34Z
ad-frm-000177,ad-fmr-000098,Yoder Home Farm,active,false,USA,5f209b01-2fe9-477d-b6c0-bebc71cb5915,2025-08-06T22:56:25Z,2025-08-27T04:13:51Z
ad-frm-000343,ad-fmr-000193,Falkner Valley Farm,active,false,CAN,12500e25-12af-4e68-9dc4-5745970c37fe,2026-01-13T14:21:34Z,
ad-frm-000139,ad-fmr-000077,Kowalski Lake Section,active,false,CAN,20347704-f891-461b-84dc-d245ba771849,2024-10-07T17:50:03Z,
ad-frm-000362,ad-fmr-000200,Prescott Prairie Section,active,false,CAN,a83875ba-4807-489b-8d8b-f38add92be68,2026-04-22T10:44:58Z,2026-05-17T03:16:56Z
ad-frm-000416,ad-fmr-000229,Underhill Lake Ground,active,false,USA,cfe5d18d-c860-4593-ad8c-8f17b0a5ca8c,2025-01-16T17:48:04Z,2025-12-26T04:58:01Z
ad-frm-000161,ad-fmr-000090,Lockhart Old Ground,active,false,USA,3b56507d-312a-4783-8e7b-aedee082abdd,2024-11-11T10:18:52Z,2025-06-29T09:03:55Z
ad-frm-000494,ad-fmr-000305,Duval Creek Ground,inactive,false,USA,d46f4cb5-2c08-434a-92f2-72fc420ffabd,2024-10-06T19:54:02Z,2026-03-10T04:16:26Z
ad-frm-000408,ad-fmr-000224,Baxter Upper Ground,active,false,USA,4cf1bd98-ebbb-496a-ad7b-20548d43a7f4,2026-04-23T02:26:55Z,2026-05-20T01:04:35Z
ad-frm-000048,ad-fmr-000025,Hummel Creek Quarter,active,false,CAN,702ad3a6-227c-4c34-b49f-81ae689c0b54,2025-09-23T17:41:36Z,2026-04-14T09:41:57Z
ad-frm-000074,ad-fmr-000041,Reyes East Ground,active,false,USA,29ef663d-8645-4a88-aa79-71377ba65507,2026-01-15T10:45:50Z,
ad-frm-000127,ad-fmr-000071,Ivanov Old Quarter,active,false,CAN,75729ff9-1565-45cc-814a-89a30732506e,2025-11-11T09:33:07Z,2026-03-17T03:10:42Z
ad-frm-000152,ad-fmr-000084,Girard Creek Quarter,active,false,CAN,e57eeb7c-d397-4df5-93dd-5effbb23931b,2026-01-12T11:25:51Z,2026-04-24T05:18:29Z
ad-frm-000469,ad-fmr-000280,Thompson Lake Ground,active,true,CAN,1499d22d-25bd-4db6-abf7-7c329f25baed,2026-01-15T17:44:10Z,
ad-frm-000339,ad-fmr-000190,Ivanov Lower Farm,active,false,USA,cc89ccc1-f507-4675-8822-c217fdeeb5cc,2026-01-14T19:13:42Z,2026-06-29T02:32:04Z
ad-frm-000425,ad-fmr-000236,Reyes Home Place,active,false,USA,1f42c302-6030-4110-a4ad-e4ba822ef8f9,2026-01-15T07:47:51Z,2026-06-02T03:56:38Z
ad-frm-000221,ad-fmr-000121,Bergstrom River Ranch,active,false,CAN,bf40a45a-f194-43db-9a4b-c5e5f01fadfd,2026-04-20T09:28:30Z,
ad-frm-000171,ad-fmr-000095,Dietrich Valley Ranch,active,false,USA,87ddcca2-d2ec-44a6-b895-dc41c7ce3018,2026-03-02T16:35:43Z,
ad-frm-000143,ad-fmr-000079,Girard River Ground,active,false,USA,3f4cdef0-dedf-4de6-931e-0d817e9bb309,2026-03-02T07:33:10Z,
ad-frm-000397,ad-fmr-000219,Bergstrom Valley Ground,active,false,CAN,34df9d9a-35bb-4556-a3ec-63e167ab8797,2025-01-16T08:52:11Z,
ad-frm-000050,ad-fmr-000027,Rasmussen Creek Homestead,active,false,USA,ee071d23-0cb4-4299-b0ee-0bb027b437cf,2026-04-21T18:29:32Z,2026-06-13T06:33:59Z
ad-frm-000411,ad-fmr-000226,Merriweather Creek Homestead,active,false,CAN,d2349d16-758c-4c07-bf44-e9ca0877ac52,2025-09-23T23:48:45Z,2025-10-28T11:23:49Z
ad-frm-000284,ad-fmr-000158,Whitaker Valley Farm,active,false,USA,c8dfc720-0e4e-4f96-af5d-b930165ea876,2026-04-22T13:49:30Z,2026-06-13T18:32:33Z
ad-frm-000440,ad-fmr-000251,Hummel Old Section,active,false,USA,3c7bb8fc-ceaa-4772-bf73-9ce0447e0bdb,2026-03-05T14:15:27Z,
ad-frm-000287,ad-fmr-000160,Hummel Prairie Ranch,active,false,USA,505a5063-23a2-496a-a3e9-d1836151f499,2025-01-14T06:51:10Z,
ad-frm-000485,ad-fmr-000296,Ziegler Ridge Quarter,archived,false,USA,bdd58e71-4b83-41e5-83a6-719c816b3565,2025-11-13T18:05:45Z,2026-04-05T15:33:23Z
ad-frm-000345,ad-fmr-000194,Vandermeer North Ground,active,false,CAN,d9e56687-3914-4c38-997b-ff9ee508821b,2025-11-11T14:57:08Z,2026-05-05T04:04:11Z
ad-frm-000245,ad-fmr-000135,Ashworth South Farm,active,false,CAN,91b29910-7641-4ac4-adea-60a0c0596116,2026-01-14T09:05:13Z,
ad-frm-000055,ad-fmr-000030,Pemberton Ridge Ground,active,false,CAN,be1b6c4c-dd0a-412f-b1c5-667362d58206,2026-03-04T13:23:26Z,2026-05-20T22:03:18Z
ad-frm-000384,ad-fmr-000212,Thompson Upper Ranch,active,false,USA,727a673b-4642-4cbd-a4ca-cbea01560aeb,2025-04-24T07:12:59Z,2026-02-07T01:32:59Z
ad-frm-000183,ad-fmr-000101,Prescott Ridge Ranch,active,false,USA,6cf10ec7-7f62-4cff-bbd3-bc22c372ae92,2026-04-22T06:13:08Z,2026-05-19T22:25:21Z
ad-frm-000051,ad-fmr-000027,Rasmussen New Quarter,active,false,USA,596f5451-adde-4633-b8ed-442cb4c02677,2026-04-21T13:06:23Z,
ad-frm-000507,ad-fmr-000318,Iverson Upper Homestead,archived,false,USA,cee62adb-0143-4219-b480-f0753e6100e4,2026-03-02T07:40:46Z,2026-03-30T11:20:33Z
ad-frm-000093,ad-fmr-000051,Kerrigan Hilltop Place,active,false,CAN,e1b0b028-6e3b-45b3-b5e6-934006a13430,2025-11-12T02:57:38Z,
ad-frm-000358,ad-fmr-000199,Ziegler River Ranch,active,false,USA,393aa4f2-30d0-410a-88df-d28a77586b0e,2025-01-14T20:21:12Z,
ad-frm-000169,ad-fmr-000094,Falkner Upper Ground,active,false,CAN,2e350a55-666d-4ed2-9d00-ec6c6bb8a842,2026-03-02T15:14:03Z,2026-03-22T10:07:38Z
ad-frm-000364,ad-fmr-000202,Eastman Valley Ground,active,false,USA,e035b376-07bb-4741-a273-5868a33972e9,2026-04-23T18:47:06Z,2026-06-28T15:35:31Z
ad-frm-000269,ad-fmr-000149,Kowalski Prairie Ground,active,false,CAN,09792eef-716c-4e59-892a-b4eb5b3b4536,2026-01-13T12:44:45Z,2026-05-18T23:43:32Z
ad-frm-000306,ad-fmr-000170,Eastman South Ground,active,false,USA,43c7254a-5aec-4e3c-89e7-94c74eeb9dcd,2026-03-05T02:54:20Z,
ad-frm-000001,ad-fmr-000001,Ziegler River Section,active,false,USA,5c8f8af9-808d-403e-b934-b56a19ad35c1,2025-09-23T06:45:52Z,
ad-frm-000037,ad-fmr-000019,Lindqvist River Ground,active,false,CAN,e6c3106b-5688-4b5f-bdae-aa97563a4309,2025-04-23T20:26:41Z,
ad-frm-000344,ad-fmr-000193,Falkner Lake Homestead,active,false,CAN,f234adb5-25eb-4f86-bf4d-f2a664634fb9,2026-04-22T10:00:56Z,2026-05-01T18:51:32Z
ad-frm-000333,ad-fmr-000186,Pemberton Lake Homestead,active,false,CAN,fb873408-275c-496c-bf85-d118f00091c6,2025-11-12T10:01:45Z,
ad-frm-000065,ad-fmr-000036,Lockhart Lake Section,active,false,USA,95b69cf3-239e-4de4-b0b8-e05df51498ef,2025-01-15T21:35:43Z,
ad-frm-000265,ad-fmr-000147,Marsh West Ranch,active,false,USA,c480ca61-7cc7-4a92-8b40-35e29ff829ac,2026-04-23T13:25:36Z,
ad-frm-000317,ad-fmr-000176,Iverson Upper Farm,active,false,USA,2bb74fda-5461-46a3-adc1-10239f3428ca,2025-06-12T10:02:29Z,
ad-frm-000389,ad-fmr-000215,Rasmussen North Farm,active,false,USA,20e46d6e-41fa-4a3d-96d8-ba0dcf69b558,2025-11-13T14:02:41Z,
ad-frm-000149,ad-fmr-000082,Okafor River Quarter,active,false,USA,e0621968-1c4a-44fb-b64e-a554fa3f62d6,2026-01-13T17:25:42Z,2026-01-28T07:36:02Z
ad-frm-000194,ad-fmr-000108,Dietrich Prairie Ground,active,false,USA,3021afdf-07d8-45ec-aeff-797552db9bca,2024-11-11T13:47:30Z,2025-09-04T07:12:54Z
ad-frm-000500,ad-fmr-000311,Boudreau Prairie Ground,inactive,false,USA,f740cd64-1ceb-4772-985c-1d804533c12b,2025-11-13T15:33:04Z,2025-12-04T04:48:42Z
ad-frm-000243,ad-fmr-000134,Thompson Hilltop Homestead,active,false,USA,ed9d8f1e-8900-403e-aa26-9e01b8a51711,2025-06-09T18:27:51Z,
ad-frm-000184,ad-fmr-000102,Kowalski West Ground,active,false,USA,a465ebb0-ea7a-4b23-be94-6ae0ac7c8320,2026-01-12T19:26:50Z,
ad-frm-000498,ad-fmr-000309,Lockhart Lower Ground,inactive,false,USA,2c48758f-f803-438f-810e-08fb7a361a44,2025-04-24T19:47:05Z,
ad-frm-000090,ad-fmr-000049,Vandermeer Home Homestead,active,false,USA,2b5fe0f9-828b-4203-8284-bf389c557980,2026-03-03T09:25:28Z,2026-05-16T16:10:40Z
ad-frm-000006,ad-fmr-000003,Marsh Old Quarter,active,false,CAN,f21f8099-31f0-4a20-97aa-04048b29e219,2025-09-25T19:24:52Z,2026-01-05T19:22:53Z
ad-frm-000098,ad-fmr-000054,Rasmussen Lake Ranch,active,false,USA,959714ab-1578-4b9d-819d-cfe45d2f3519,2025-04-24T06:32:10Z,
ad-frm-000180,ad-fmr-000099,Oberlin Valley Place,active,false,USA,1e115410-cd2e-4ccb-ba76-5f54b6479ad6,2025-08-06T20:33:04Z,
ad-frm-000032,ad-fmr-000016,Xiong Lake Section,active,false,CAN,e4486142-00b8-4987-901a-2abb3a8c2e63,2025-06-11T11:58:02Z,2025-12-30T06:45:42Z
ad-frm-000083,ad-fmr-000045,Quandt Creek Ground,active,false,CAN,27c2b613-20bb-44df-852c-10bb22d1a599,2025-08-06T13:13:22Z,2026-06-26T23:50:37Z
ad-frm-000208,ad-fmr-000116,Yoder East Section,active,false,USA,3c11c35d-262c-429a-9b65-5675753c9c59,2026-03-04T00:57:19Z,
ad-frm-000198,ad-fmr-000110,Kowalski Lower Ground,active,false,CAN,60ea6fe2-14f4-4b9b-8002-5998d7449b6b,2025-06-10T13:54:07Z,
ad-frm-000279,ad-fmr-000156,Underhill West Ground,active,false,USA,fd72305f-0e20-44d8-88cd-7c553a5557ad,2026-01-14T14:14:43Z,2026-01-21T03:30:51Z
ad-frm-000482,ad-fmr-000293,Vandermeer Ridge Place,inactive,false,CAN,e1b0818f-dd87-4a8e-a64d-b22a6ba0c31a,2025-09-23T06:50:33Z,
ad-frm-000447,ad-fmr-000258,Hartley South Place,active,false,CAN,1215fca3-58f2-43e5-99ec-a02880f91729,2026-01-13T12:44:44Z,2026-06-13T13:03:16Z
ad-frm-000437,ad-fmr-000248,Okafor Home Farm,active,false,CAN,3889130b-1b8a-4d13-bded-8c3b5a1cdb5c,2026-03-03T15:21:37Z,
ad-frm-000289,ad-fmr-000161,Rasmussen Lake Place,active,false,USA,161e67e9-a5d8-47e7-a5d2-8f8a1c75f436,2026-03-05T07:29:54Z,2026-06-15T18:16:16Z
ad-frm-000132,ad-fmr-000074,Novak South Section,active,false,USA,428c805c-16aa-4a0a-87f8-cbeef7bfe87a,2026-01-13T12:12:19Z,2026-04-30T04:06:09Z
ad-frm-000007,ad-fmr-000003,Marsh East Section,active,false,CAN,e9f2bdfc-97a4-445b-8e16-cdd97ed5e38d,2026-03-05T11:39:09Z,
ad-frm-000075,ad-fmr-000041,Reyes Ridge Homestead,active,false,USA,0dd2b3f9-3213-40db-99fc-929c337e0b46,2026-01-15T08:07:53Z,2026-02-05T13:10:32Z
ad-frm-000023,ad-fmr-000011,Marsh Home Ground,active,false,CAN,aa159893-c121-4f4f-9ca1-2798b19fec86,2024-10-06T08:40:12Z,2025-11-29T18:46:13Z
ad-frm-000175,ad-fmr-000097,Nordin Lower Homestead,active,false,USA,830889a0-0c60-42f2-8d95-6b378b4b9e57,2026-03-05T06:49:54Z,
ad-frm-000322,ad-fmr-000179,Iverson Lake Section,active,false,USA,394c6d68-a4ba-4efa-bef0-3e0034df98a8,2024-11-12T10:49:53Z,2025-04-02T13:09:33Z
ad-frm-000351,ad-fmr-000196,Duval Prairie Ground,active,false,USA,b6222f46-f7a5-4a25-a422-6bcc947f4230,2025-04-24T02:39:06Z,2025-10-05T22:03:26Z
ad-frm-000201,ad-fmr-000111,Xiong Creek Ranch,active,false,USA,0330304c-d6a6-4cfd-81f6-5581319538bf,2025-03-03T11:39:23Z,
ad-frm-000431,ad-fmr-000242,Baxter Lower Homestead,active,false,CAN,07ef836f-2892-4fa4-991c-a053237f3aa1,2024-10-08T09:30:35Z,2026-06-04T21:22:39Z
ad-frm-000170,ad-fmr-000095,Dietrich Lower Section,active,false,USA,8a682c17-92ad-46f5-b1a8-e30ae3abde3e,2026-03-03T10:48:40Z,2026-04-15T07:59:20Z
ad-frm-000059,ad-fmr-000032,Castellano Home Homestead,active,false,CAN,c76a669d-f226-4702-8042-dc50f912b693,2026-03-04T17:44:15Z,2026-03-17T08:43:34Z
ad-frm-000314,ad-fmr-000174,Kerrigan South Quarter,active,false,USA,b01e4c94-31a0-431e-8962-89b5c32b63c2,2025-01-14T14:21:43Z,2026-05-24T21:44:39Z
ad-frm-000415,ad-fmr-000229,Underhill South Ground,active,false,USA,8a409dcc-688e-457e-ae6a-f8adee0352db,2025-01-13T19:30:19Z,2025-12-05T02:35:35Z
ad-frm-000370,ad-fmr-000204,Lockhart South Section,active,false,USA,e84c6eb6-bc2c-4e4f-a910-29bdda6d294c,2025-06-10T07:33:00Z,
ad-frm-000311,ad-fmr-000173,Okafor Creek Place,active,false,USA,c35664f5-5869-481c-a4dd-407cf8243d31,2025-04-24T07:53:50Z,
ad-frm-000307,ad-fmr-000171,Oberlin East Ground,active,false,CAN,2784a400-857e-4ae6-9415-7ca4a84436e5,2025-01-14T14:10:39Z,2026-01-06T17:10:29Z
ad-frm-000439,ad-fmr-000250,Tollefson Creek Ranch,active,false,USA,c41c5cbe-f8d0-475b-a131-e456dc3bdcee,2025-11-11T06:30:22Z,
ad-frm-000379,ad-fmr-000209,Ivanov Prairie Place,active,false,USA,064277c2-35ec-41d0-bf5d-8cb8d3bb151a,2026-03-04T18:55:08Z,2026-05-19T09:23:03Z
ad-frm-000179,ad-fmr-000099,Oberlin West Ground,active,false,USA,7589eb51-2742-420d-b422-5f8c1fd246b6,2025-08-06T20:32:46Z,
ad-frm-000217,ad-fmr-000119,Drummond New Ranch,active,false,USA,bba10aff-0b5c-4b62-b5a1-932bdb8eafd5,2025-01-14T15:26:01Z,
ad-frm-000326,ad-fmr-000181,Girard South Homestead,active,false,CAN,0f233ebe-345a-448c-9954-cd4d83c88c04,2025-08-07T07:43:57Z,2025-10-06T11:00:55Z
ad-frm-000420,ad-fmr-000231,Pemberton Old Homestead,active,false,USA,e2114a01-aeff-4f2d-af79-53c9c4d6bf40,2026-04-20T13:58:40Z,
ad-frm-000404,ad-fmr-000223,Nordin Prairie Farm,active,false,CAN,aca08324-bb2f-442c-89b6-43102a9aeb39,2026-01-14T11:46:40Z,
ad-frm-000369,ad-fmr-000204,Lockhart West Place,active,false,USA,568ab104-1350-4d4b-b29a-704a34b454b3,2025-03-05T10:42:51Z,
ad-frm-000390,ad-fmr-000215,Rasmussen Old Ground,active,false,USA,642ec5a3-a040-45b1-b2a7-fcd17850dedd,2025-11-13T11:50:45Z,2025-11-20T19:42:53Z
ad-frm-000232,ad-fmr-000126,Baxter Home Ranch,active,false,USA,5f83620c-131f-4d31-bb54-568424b77fcc,2026-04-22T10:49:27Z,
ad-frm-000257,ad-fmr-000143,Hartley Ridge Ranch,active,false,CAN,9185b891-25e1-4c2b-98f7-4a40de4adc72,2025-09-23T15:42:21Z,
ad-frm-000213,ad-fmr-000117,Prescott Home Ground,active,false,USA,ada049c9-217d-4987-b9c0-8ff3c1316f05,2026-01-12T21:34:07Z,2026-01-21T07:46:39Z
ad-frm-000303,ad-fmr-000169,Ivanov Valley Ranch,active,false,USA,57abbf24-ecdc-4b5c-a5b1-fee9bcba6775,2025-01-15T10:44:30Z,2026-03-10T18:44:17Z
ad-frm-000392,ad-fmr-000216,Ziegler North Ground,active,false,USA,df6e6376-ec3c-4cb3-8589-eaa437ea30c5,2026-04-23T11:12:29Z,
ad-frm-000338,ad-fmr-000190,Ivanov Upper Ranch,active,false,USA,64d9a7b1-c470-4013-8c39-9b83c286c5e0,2024-11-14T15:59:14Z,
ad-frm-000141,ad-fmr-000078,Whitaker Prairie Section,active,false,USA,e7acb45a-61ff-4efb-bdd2-f31b1286487f,2026-03-04T20:02:06Z,2026-05-25T22:49:54Z
ad-frm-000153,ad-fmr-000085,Rasmussen Old Ranch,active,false,USA,54fbb6a1-c444-4afb-af7c-3707b62dcec6,2025-06-11T17:58:49Z,
ad-frm-000223,ad-fmr-000122,Kerrigan Lake Section,active,false,USA,ae3a40d0-e6b4-442a-afa1-36d79840222f,2026-01-14T13:40:00Z,
ad-frm-000136,ad-fmr-000075,Duval Ridge Ranch,active,false,USA,01512652-8452-48ee-b92c-64b2450243e0,2025-01-15T15:44:34Z,2025-12-24T06:02:51Z
ad-frm-000218,ad-fmr-000120,Delacroix South Place,active,false,USA,04c05f8e-fd2e-45ae-b83b-57c1148aefb8,2025-11-13T02:31:31Z,
ad-frm-000472,ad-fmr-000283,McAllister Lake Homestead,active,true,USA,d04e1358-310d-46b3-8c55-7da4b321dad5,2026-01-14T06:42:15Z,2026-03-13T03:41:11Z
ad-frm-000464,ad-fmr-000275,Drummond East Section,active,true,USA,436ba121-3e76-4209-bb7b-52e9f810488f,2025-03-06T00:37:06Z,2026-03-16T23:51:43Z
ad-frm-000060,ad-fmr-000033,Albrecht New Ranch,active,false,CAN,f2caa579-25b6-44e4-99a1-556ef7b1fe8a,2025-08-06T16:27:05Z,2025-11-19T06:31:21Z
ad-frm-000202,ad-fmr-000112,Reyes Valley Place,active,false,USA,49fe8d8a-a5d2-4e01-8705-6d97df01ba6d,2025-01-15T18:46:32Z,2025-12-29T16:41:16Z
ad-frm-000336,ad-fmr-000188,Kowalski Ridge Quarter,active,false,CAN,d41dedde-08d0-4800-b358-304fa46cfe69,2026-04-23T06:22:06Z,2026-05-20T00:05:40Z
ad-frm-000054,ad-fmr-000029,Okafor Lower Farm,active,false,USA,551b84bc-b5c6-4c87-be07-70203231788b,2026-04-22T10:19:05Z,
ad-frm-000126,ad-fmr-000070,Merriweather Lake Ground,active,false,USA,e302fadd-b7d8-42d8-8d18-9a6757d6046f,2025-11-13T07:44:43Z,
ad-frm-000159,ad-fmr-000088,Lindqvist Ridge Homestead,active,false,USA,3b8d2ef7-421a-42b0-bccb-e708297ca32d,2026-03-04T16:07:00Z,
ad-frm-000324,ad-fmr-000180,Castellano New Farm,active,false,USA,dd7a0af1-1b06-4d0e-9749-3c12e5f25972,2025-03-06T10:31:12Z,2026-06-12T23:08:33Z
ad-frm-000135,ad-fmr-000075,Duval Old Section,active,false,USA,dddc250d-ae90-40e0-ae82-2a846d130669,2025-01-14T06:19:08Z,2025-03-20T04:02:26Z
ad-frm-000477,ad-fmr-000288,Albrecht East Ranch,archived,false,CAN,43ddfce3-7bc1-4744-92fb-3b62e468c3f6,2024-10-08T14:37:59Z,2026-05-11T05:36:34Z
ad-frm-000188,ad-fmr-000104,Novak New Place,active,false,USA,2bbdf350-a6c6-4515-9e31-a2432880f485,2026-04-23T03:01:07Z,2026-06-13T17:29:24Z
ad-frm-000435,ad-fmr-000246,Falkner Lower Homestead,active,false,CAN,84d57ce3-9823-4b1e-b812-674fa20d4cd0,2026-04-23T06:41:21Z,
ad-frm-000013,ad-fmr-000006,Whitaker Hilltop Ground,active,false,USA,b8291f56-b897-4a0e-b183-cd6c96524162,2024-11-12T23:06:15Z,
ad-frm-000123,ad-fmr-000068,Crenshaw South Section,active,false,USA,2baeb988-7c84-412e-9419-eabb7ff72f9f,2025-08-07T18:06:53Z,2025-09-28T08:41:22Z
ad-frm-000039,ad-fmr-000020,Crenshaw East Ground,active,false,USA,be549130-1154-4133-9012-8cd2e010bae8,2026-04-23T14:37:19Z,2026-06-19T11:03:33Z
ad-frm-000476,ad-fmr-000287,Winters Home Farm,inactive,false,USA,045ee45b-5b0c-4f3d-96f7-a8f12804809b,2025-03-06T07:56:09Z,2025-07-28T12:11:57Z
ad-frm-000215,ad-fmr-000118,Ivanov South Place,active,false,USA,f5478af7-d01f-4e64-b339-5c64a2d1e389,2026-03-02T18:35:04Z,2026-05-22T15:24:08Z
ad-frm-000419,ad-fmr-000231,Pemberton New Farm,active,false,USA,27d5ab7d-b02d-4d42-958a-fea15e4b2c9a,2026-04-23T12:15:54Z,
ad-frm-000046,ad-fmr-000024,Okafor West Ranch,active,false,USA,682e5ea5-90ec-4538-8fb1-5877230402fc,2025-04-23T09:44:19Z,
ad-frm-000034,ad-fmr-000018,Whitaker Lower Ranch,active,false,USA,08fea60a-a813-4b99-855b-e35a42662018,2025-08-07T15:14:00Z,
ad-frm-000298,ad-fmr-000166,Girard Creek Ground,active,false,USA,2023ff1f-7b27-4793-b1ad-4a13a594edc0,2025-11-10T15:36:50Z,2026-05-13T17:07:18Z
ad-frm-000045,ad-fmr-000023,Kowalski Home Ranch,active,false,USA,cf9491c9-b3f4-46c8-b37d-f3a1be0092ec,2026-01-15T17:45:15Z,2026-06-17T15:55:20Z
ad-frm-000115,ad-fmr-000063,Brenner West Farm,active,false,USA,7b57bc2c-be6a-4c0f-a60e-5b9685849099,2024-10-08T06:28:33Z,
ad-frm-000308,ad-fmr-000172,McAllister Old Section,active,false,USA,117a4ad3-9525-4997-8174-a657164c219f,2025-03-03T06:43:13Z,
ad-frm-000104,ad-fmr-000056,Iverson South Farm,active,false,CAN,60805719-1f8c-44f9-a18d-f1abff0efe70,2025-01-15T20:38:17Z,2025-09-17T16:07:52Z
ad-frm-000355,ad-fmr-000198,Bergstrom River Quarter,active,false,CAN,8d3d2c13-aee6-4f38-90e2-0a445b2672c1,2025-11-12T16:45:34Z,2026-06-29T18:24:28Z
ad-frm-000130,ad-fmr-000072,Yoder Lake Quarter,active,false,USA,800f3bfb-7cec-42e8-b9bb-d38182505651,2026-01-14T07:54:58Z,2026-04-16T03:27:34Z
ad-frm-000061,ad-fmr-000034,Novak Creek Farm,active,false,USA,0f4c75d6-41ae-4d62-af46-cd0f765b9555,2026-03-03T20:00:29Z,
ad-frm-000028,ad-fmr-000013,Ivanov West Section,active,false,USA,7d74cd0d-4c9e-4299-874a-61b11d073244,2024-10-06T16:36:47Z,2025-09-16T12:21:55Z
ad-frm-000493,ad-fmr-000304,Winters Hilltop Quarter,inactive,false,CAN,be8b8d30-0f7e-45f4-be00-dc46d1c9d150,2025-09-23T20:34:47Z,2026-02-05T09:12:44Z
ad-frm-000036,ad-fmr-000019,Lindqvist Home Section,active,false,CAN,c234a4e6-a4ca-456e-8469-6dbb188acf3f,2025-04-21T20:42:34Z,
ad-frm-000233,ad-fmr-000127,Drummond River Ranch,active,false,CAN,be91b8ea-16f0-42d2-95ae-eb767c3d34ef,2025-01-15T05:33:50Z,2026-01-21T19:57:53Z
ad-frm-000246,ad-fmr-000135,Ashworth River Ground,active,false,CAN,e13d03c3-f7d4-492b-9f4f-b0fdf31ba095,2025-08-06T07:03:18Z,
ad-frm-000417,ad-fmr-000230,Nordin Hilltop Quarter,active,false,USA,ed890d55-6bcc-4d3a-812e-b8f8bf9a01d5,2026-04-21T15:29:56Z,
ad-frm-000016,ad-fmr-000008,Drummond East Ground,active,false,USA,8f21baa1-8569-4fba-b2d9-2fb8aa0e897d,2024-11-12T05:44:34Z,
ad-frm-000427,ad-fmr-000238,Girard Home Farm,active,false,USA,ba399391-7523-426f-9fac-b939c97aafdf,2025-06-12T17:58:58Z,2026-01-09T01:33:20Z
ad-frm-000520,ad-fmr-000331,Jablonski East Ground,active,false,USA,51d93559-2f62-436d-ad82-5b67dbe53ed0,2026-01-15T07:19:55Z,2026-06-17T20:31:29Z
ad-frm-000460,ad-fmr-000271,Tollefson Creek Section,inactive,true,USA,b579776a-1b6a-4382-bdd0-0936958d8177,2026-04-22T15:22:48Z,2026-06-16T06:41:59Z
ad-frm-000331,ad-fmr-000184,Crenshaw Lower Place,active,false,USA,a5560a4c-8e54-4efc-b6cd-363f54f950e1,2025-11-13T15:23:16Z,
ad-frm-000456,ad-fmr-000267,Albrecht Hilltop Ground,active,true,USA,bfbaf0fc-9a44-4332-bff1-4332a8c40cc1,2025-01-15T03:57:47Z,2025-02-09T19:11:09Z
ad-frm-000347,ad-fmr-000195,Tollefson Ridge Homestead,active,false,USA,a7f989e1-b033-48b5-a845-a62e8151753e,2025-03-05T13:52:37Z,2025-07-29T14:46:02Z
ad-frm-000377,ad-fmr-000207,Yancey East Section,active,false,USA,56107301-e508-460d-b295-fca571ceec6e,2026-04-23T10:03:06Z,2026-06-20T03:20:05Z
ad-frm-000271,ad-fmr-000150,Xiong North Ranch,active,false,USA,c0e451e1-8d63-4f62-918a-25f970ca7cfc,2026-04-24T01:53:41Z,2026-06-27T22:03:42Z
ad-frm-000468,ad-fmr-000279,Rasmussen New Quarter,active,true,CAN,05bc7f6f-d639-4661-a072-30800c037efa,2025-03-03T19:35:11Z,
ad-frm-000064,ad-fmr-000035,Xiong Valley Place,active,false,USA,5a4a89d3-b124-4713-8945-192897444350,2025-11-12T10:18:07Z,2025-12-10T03:15:21Z
ad-frm-000168,ad-fmr-000094,Falkner Lake Section,active,false,CAN,c5a62088-8b9d-4991-917d-1f34a9982c43,2026-03-05T16:35:21Z,
ad-frm-000030,ad-fmr-000015,Falkner Lake Ranch,active,false,USA,d111f3bc-356c-4502-a441-fca54e4be70b,2025-09-23T06:32:48Z,
ad-frm-000258,ad-fmr-000144,Thompson New Place,active,false,USA,98e0d41a-b205-490a-964c-cb86aaf9e883,2025-04-21T14:20:26Z,2026-05-16T18:35:34Z
ad-frm-000156,ad-fmr-000086,Dietrich East Ground,active,false,CAN,92536e8b-abf1-4fc2-8f1d-287b8798f2ff,2026-04-23T17:32:18Z,2026-06-21T09:24:15Z
ad-frm-000329,ad-fmr-000184,Crenshaw North Place,active,false,USA,418e8050-a14d-4e4b-af28-20fdb7cedf90,2025-11-12T17:52:50Z,2026-05-27T06:44:46Z
ad-frm-000241,ad-fmr-000132,Eastman New Place,active,false,USA,1057c3fe-ae27-4085-a86d-fdd5cb225b95,2025-01-14T14:19:52Z,
ad-frm-000214,ad-fmr-000118,Ivanov New Quarter,active,false,USA,43ed08c1-ddd7-436f-bee9-817765e15cdc,2026-03-05T18:39:17Z,
ad-frm-000403,ad-fmr-000222,Ferreira Home Ground,active,false,CAN,b8f0f5c0-d61b-4dd2-8b3d-c2dba35294a2,2025-11-13T09:37:59Z,2026-03-28T02:38:11Z
ad-frm-000487,ad-fmr-000298,Delacroix Lower Quarter,archived,false,USA,6a163391-9a08-4d6f-8f4a-b3fa770e7a49,2026-01-15T15:59:23Z,
ad-frm-000391,ad-fmr-000216,Ziegler West Section,active,false,USA,67f451e3-e88f-4b48-b15a-e4605016a8da,2025-09-25T13:57:44Z,2025-12-20T16:13:01Z
ad-frm-000190,ad-fmr-000106,Callahan Upper Ranch,active,false,USA,c1604f7e-6362-4988-bb33-6ae8f05b3cb0,2024-10-07T06:20:58Z,
ad-frm-000056,ad-fmr-000031,Whitaker Creek Quarter,active,false,CAN,9d5877ca-94c7-449d-9ad5-06e3f6d03f42,2025-08-05T09:03:50Z,
ad-frm-000206,ad-fmr-000115,Delacroix Valley Section,active,false,CAN,235c4824-b624-404e-8c98-20e53c40d4c7,2025-09-25T14:21:48Z,2026-01-14T20:06:50Z
ad-frm-000523,ad-fmr-000334,Whitaker Creek Section,active,false,USA,a6ba3067-8a91-4547-a6c5-dee2dca78328,2026-03-04T13:14:21Z,2026-04-09T23:31:52Z
ad-frm-000310,ad-fmr-000173,Okafor Old Ranch,active,false,USA,ce6ba9f3-ab52-4739-8fed-f52947061119,2025-04-23T19:39:50Z,2026-01-17T02:29:28Z
ad-frm-000145,ad-fmr-000080,McAllister Upper Quarter,active,false,USA,770373df-8f31-47bf-a9d7-f3298298e931,2025-09-22T08:30:26Z,2025-11-19T11:04:37Z
ad-frm-000081,ad-fmr-000044,Winters South Section,active,false,USA,3652969b-b704-44af-b492-f0889b66b0e2,2025-04-24T13:36:14Z,
ad-frm-000236,ad-fmr-000129,Oberlin Prairie Farm,active,false,USA,1161aac3-3000-497f-8ea5-61ee9d1df7c7,2024-10-07T19:53:11Z,
ad-frm-000106,ad-fmr-000058,Rasmussen North Ground,active,false,USA,9d975270-f3e9-42b8-b8c1-2dc64e2a7124,2025-04-22T18:53:09Z,2026-04-25T22:30:24Z
ad-frm-000067,ad-fmr-000037,Novak West Ranch,active,false,USA,7a14fd60-68f5-4495-9069-e986abc75936,2025-04-23T15:58:50Z,
ad-frm-000187,ad-fmr-000104,Novak North Place,active,false,USA,4fc08721-189c-49bd-9df5-2bcdb9de4828,2026-04-22T20:51:07Z,
ad-frm-000251,ad-fmr-000138,Pemberton New Farm,active,false,USA,6b20924b-66da-43de-9d15-b4a18702923b,2025-11-10T12:26:46Z,2026-06-15T15:39:36Z
ad-frm-000352,ad-fmr-000197,Yancey Valley Ground,active,false,USA,b0650a5d-1c2b-4954-b5b2-1938d3e4e5ec,2025-11-13T19:33:23Z,
ad-frm-000212,ad-fmr-000117,Prescott New Quarter,active,false,USA,60cf1284-9740-4dd1-a359-05059737c657,2026-01-13T16:14:20Z,
ad-frm-000157,ad-fmr-000087,Jablonski East Ground,active,false,USA,ebcc7b1b-a831-483e-86b9-340f1534e74f,2025-04-22T15:38:07Z,2026-04-10T15:12:33Z
ad-frm-000502,ad-fmr-000313,Bergstrom Ridge Section,inactive,false,CAN,6d360bf5-5fa9-4ad2-80b3-8bb0ef1bd109,2025-11-12T13:42:43Z,2026-06-14T20:01:40Z
ad-frm-000155,ad-fmr-000086,Dietrich Lower Farm,active,false,CAN,035e7667-026d-48f9-9ac3-80d364c02937,2026-04-21T22:51:59Z,
ad-frm-000296,ad-fmr-000165,Steiner River Ground,active,false,USA,e233a21e-8ee9-4deb-8364-75758aa40a87,2024-10-06T20:31:45Z,2026-03-16T00:00:19Z
ad-frm-000011,ad-fmr-000005,Eastman Lake Section,active,false,CAN,88e68231-da74-485c-afef-2e2b7ee0884d,2026-04-20T21:17:06Z,
ad-frm-000506,ad-fmr-000317,Holloway Valley Ranch,archived,false,USA,bc11c9cb-fe17-40c3-bac7-ffe5db41afb2,2025-11-13T03:04:04Z,2026-01-10T15:30:26Z
ad-frm-000025,ad-fmr-000012,Boudreau Old Place,active,false,USA,62991ac2-d07c-47ba-b6a6-bdcebdc48e27,2026-01-15T06:13:29Z,2026-03-06T02:10:27Z
ad-frm-000288,ad-fmr-000160,Hummel River Place,active,false,USA,2836bd81-0572-489b-b6f4-7f3251c9ef65,2025-01-14T15:49:21Z,2026-06-28T23:46:24Z
ad-frm-000517,ad-fmr-000328,Jablonski Home Ranch,active,false,USA,01e268b8-3d10-411e-8160-951fb9904a16,2024-11-11T16:12:52Z,
ad-frm-000412,ad-fmr-000227,Underhill North Quarter,active,false,CAN,bc3e8fbf-5319-4d7d-becf-7d3e79d9b2dc,2025-08-06T09:15:36Z,
ad-frm-000501,ad-fmr-000312,Yancey Old Ground,archived,false,USA,ed234f15-426a-4708-9a46-16d5a7185fb8,2025-03-04T11:12:52Z,2025-12-06T19:12:08Z
ad-frm-000167,ad-fmr-000093,Merriweather South Ranch,active,false,USA,88a62b0c-07af-40b2-9a35-273fdadf0ad6,2026-04-23T12:26:03Z,2026-06-14T07:09:34Z
ad-frm-000062,ad-fmr-000034,Novak Ridge Homestead,active,false,USA,8e8186eb-bd7c-4ae0-829d-516aefcb46b0,2026-03-02T18:45:29Z,
ad-frm-000436,ad-fmr-000247,Falkner River Section,active,false,USA,81af2d97-875f-4d47-bb4e-59939407f872,2025-09-25T13:29:06Z,
ad-frm-000068,ad-fmr-000037,Novak New Ranch,active,false,USA,70ff9c25-5fd3-43d6-8b3f-f19d9fb12d4c,2025-04-22T18:29:57Z,
ad-frm-000342,ad-fmr-000192,Hartley Lower Section,active,false,CAN,ba323c4e-d286-47e0-ae03-6471d14b32fd,2026-03-04T11:27:15Z,
ad-frm-000262,ad-fmr-000145,Whitaker Ridge Ground,active,false,USA,99162859-f7c8-4e28-ae49-2ad9fc6e28c7,2025-11-13T13:25:38Z,
ad-frm-000057,ad-fmr-000032,Castellano New Ranch,active,false,CAN,07069c98-5ee3-4321-bb30-868ec7347c02,2026-03-05T08:43:30Z,2026-05-06T19:46:24Z
ad-frm-000138,ad-fmr-000077,Kowalski South Quarter,active,false,CAN,a2bbb5d6-dcae-455f-873c-164d833aa3de,2026-03-02T13:00:02Z,
ad-frm-000484,ad-fmr-000295,Underhill East Ranch,inactive,false,USA,64fe8f8f-3362-4508-b806-ff8453204ad1,2025-11-11T23:23:46Z,2026-06-22T12:25:05Z
ad-frm-000286,ad-fmr-000159,Hummel North Quarter,active,false,USA,fdce8de5-fbf6-41ca-8720-8f29029ad5a3,2026-01-13T09:30:48Z,2026-06-09T19:17:04Z
ad-frm-000463,ad-fmr-000274,Dietrich North Section,active,true,USA,e07011d4-d571-47b7-a0d4-3ad46dcf01f4,2025-03-05T03:48:23Z,
ad-frm-000402,ad-fmr-000221,Baxter West Section,active,false,USA,3e08a123-bad7-4df7-ae51-8a0135ad5850,2026-04-23T20:10:17Z,2026-05-07T16:32:35Z
ad-frm-000496,ad-fmr-000307,Lockhart River Place,archived,false,USA,d3d93011-32e5-4f1f-943a-b4408438a7aa,2025-04-24T06:00:09Z,2025-07-09T07:49:16Z
ad-frm-000423,ad-fmr-000234,Kerrigan North Ranch,active,false,USA,c5ba4ce1-aca2-419e-8a91-1bd886a2a427,2025-08-04T06:41:19Z,2026-02-22T03:05:31Z
ad-frm-000285,ad-fmr-000159,Hummel South Place,active,false,USA,10ff15fb-3a16-4193-9cb4-baead3be804f,2026-01-13T16:19:58Z,2026-06-13T15:06:53Z
ad-frm-000087,ad-fmr-000047,Vandermeer North Ground,active,false,USA,a8a75bc0-584f-4f1e-a92c-479282894835,2025-09-24T19:35:52Z,2026-05-14T11:47:57Z
ad-frm-000363,ad-fmr-000201,Lockhart Old Homestead,active,false,CAN,9ad784a2-2b6e-4a82-adff-33e3b36c5538,2025-09-23T06:04:43Z,
ad-frm-000409,ad-fmr-000225,Okafor North Quarter,active,false,USA,093815b8-b29c-41a5-9eae-82d4904f7a59,2024-11-12T10:38:33Z,2024-12-21T06:59:31Z
ad-frm-000222,ad-fmr-000121,Bergstrom East Ground,active,false,CAN,e71e455c-0f4f-409c-8656-cc7771e21d18,2025-09-24T11:01:05Z,
ad-frm-000031,ad-fmr-000016,Xiong Creek Section,active,false,CAN,dd38bf45-1e3b-406c-b370-fd1a47d9ffd2,2024-11-14T07:44:19Z,2025-12-04T15:17:43Z
ad-frm-000235,ad-fmr-000128,Holloway New Homestead,active,false,USA,9ab7689d-41aa-486f-b0f4-441bcc348fe7,2025-04-23T20:53:52Z,2025-06-09T22:40:12Z
ad-frm-000453,ad-fmr-000264,Xiong Lake Farm,archived,true,USA,c02f9072-8bae-4e7e-911f-c77ca29283ab,2025-08-07T17:50:55Z,2025-09-22T19:18:51Z
ad-frm-000372,ad-fmr-000205,Baxter Creek Section,active,false,USA,033cdd97-e5aa-4ec3-a979-c1bf76ff2423,2025-04-24T10:10:56Z,
ad-frm-000014,ad-fmr-000007,Ashworth East Place,active,false,USA,bcfa8f5c-8fb8-460c-a6e3-31c8534380e1,2025-09-24T17:41:59Z,2026-05-01T02:58:12Z
ad-frm-000009,ad-fmr-000004,Holloway Creek Homestead,active,false,USA,34cb7dfa-5545-4ea9-a750-5b7c6bced1de,2026-04-23T08:21:59Z,
ad-frm-000330,ad-fmr-000184,Crenshaw Upper Section,active,false,USA,2358003e-ee15-4bbe-999c-8110ba155662,2025-11-10T10:05:11Z,2026-06-25T00:04:42Z
ad-frm-000077,ad-fmr-000042,Jablonski Lower Section,active,false,USA,f3816ef3-a2de-43a4-93a5-10c61c7d71be,2026-04-22T07:25:19Z,2026-05-22T04:46:55Z
ad-frm-000111,ad-fmr-000062,Marsh New Section,active,false,USA,dfd0d33e-8bec-4845-a0a0-3dccc033c958,2025-08-05T10:28:26Z,2026-05-14T02:21:29Z
ad-frm-000124,ad-fmr-000069,Vandermeer North Ground,active,false,USA,4d5dbb7b-9037-4ab0-84df-48f3cf2a4d3f,2025-01-14T21:30:59Z,2026-03-17T13:13:40Z
ad-frm-000280,ad-fmr-000156,Underhill Prairie Ranch,active,false,USA,55542e6c-9d61-4184-9394-f36babf42c47,2026-03-02T12:28:54Z,
ad-frm-000499,ad-fmr-000310,Delacroix Lower Ground,inactive,false,USA,d62df38b-6acc-4acf-aa17-c1343613728a,2025-06-10T16:36:35Z,
ad-frm-000128,ad-fmr-000072,Yoder Valley Homestead,active,false,USA,56576aee-ff97-4a00-bf90-bbf5a4b614f0,2026-01-14T09:51:55Z,2026-03-10T23:33:17Z
ad-frm-000492,ad-fmr-000303,Ivanov North Ground,inactive,false,CAN,02b31392-7cb9-4811-98cb-e4a6ac2814ec,2024-10-05T15:54:30Z,2026-01-25T18:59:23Z
ad-frm-000197,ad-fmr-000109,Rasmussen East Quarter,active,false,USA,3fad4af9-8562-459e-805c-74599784039d,2025-08-05T10:05:54Z,
ad-frm-000396,ad-fmr-000218,Holloway Hilltop Farm,active,false,USA,c7e23f9e-4714-447f-a95f-99d5f6aba9a2,2026-04-22T07:26:48Z,2026-06-27T23:11:39Z
ad-frm-000414,ad-fmr-000228,Callahan Home Ground,active,false,USA,edf1e97d-4ea2-4e12-8dbf-25249c9d5c51,2025-09-23T10:10:43Z,2026-04-09T04:16:54Z
ad-frm-000375,ad-fmr-000206,Lockhart North Ground,active,false,USA,d10a9b25-6c33-4611-bbf3-49566044f770,2026-03-05T17:28:22Z,2026-04-09T01:51:09Z
ad-frm-000518,ad-fmr-000329,Pemberton Old Quarter,active,false,USA,99a66931-a7f8-4425-b2d8-5d550351fa92,2024-11-14T11:19:53Z,2025-10-12T09:29:39Z
ad-frm-000140,ad-fmr-000078,Whitaker Old Farm,active,false,USA,ea72d9d9-beb7-49bd-98de-16c8f6ed4932,2026-04-23T13:48:50Z,2026-05-24T01:32:26Z
ad-frm-000220,ad-fmr-000121,Bergstrom Home Ground,active,false,CAN,2df4cf18-7a23-44b7-bd62-57a99917a585,2025-04-22T11:42:52Z,2026-03-10T20:10:18Z
ad-frm-000012,ad-fmr-000006,Whitaker Prairie Farm,active,false,USA,bb6033d9-1660-469a-a849-67cf50754f87,2024-11-12T19:59:18Z,
ad-frm-000438,ad-fmr-000249,Baxter North Farm,active,false,CAN,020b8584-1a5d-4641-a9c3-3d0ac22286ba,2024-10-06T14:37:56Z,2025-04-04T17:39:17Z
ad-frm-000458,ad-fmr-000269,Marsh Ridge Ground,active,true,USA,d4fe47e5-4281-47a1-9966-f26af7bf4a65,2025-04-24T17:58:10Z,2026-01-12T17:32:31Z
ad-frm-000503,ad-fmr-000314,Kerrigan Ridge Homestead,inactive,false,USA,cc3f785f-381b-49ca-9f94-8d0a3604e44a,2025-04-24T18:52:49Z,
ad-frm-000043,ad-fmr-000022,Yancey North Quarter,active,false,CAN,c78e8b78-8123-4cac-b8ff-ac3a55dcc762,2025-06-11T06:52:32Z,
ad-frm-000073,ad-fmr-000040,Whitaker Home Ranch,active,false,USA,dcc9c30e-e987-47e6-a4eb-97c9cac5a83a,2024-11-12T23:20:52Z,
ad-frm-000309,ad-fmr-000172,McAllister Valley Homestead,active,false,USA,40e893ff-a216-4b48-8c8b-d62a5de01112,2025-03-05T11:54:23Z,
ad-frm-000349,ad-fmr-000196,Duval Old Ranch,active,false,USA,5081dd79-46a9-4ba4-92b9-e753535632d9,2025-04-24T10:44:06Z,2025-05-05T06:36:27Z
ad-frm-000002,ad-fmr-000001,Ziegler Lake Ranch,active,false,USA,2a4aae40-a46d-4103-a85c-2b1c08b53997,2025-11-11T19:16:13Z,
ad-frm-000125,ad-fmr-000069,Vandermeer East Farm,active,false,USA,d1c6d337-cedb-4183-81b8-50833a9e8e0a,2025-01-14T17:53:59Z,
ad-frm-000466,ad-fmr-000277,Winters River Farm,active,true,USA,fa67d5d3-7fca-4fdc-9916-346e97c075b6,2026-04-21T11:57:04Z,2026-06-02T07:40:57Z
ad-frm-000522,ad-fmr-000333,Okafor River Ranch,active,false,CAN,ceef92ca-c5f8-4df0-9f79-290d66a15c23,2025-08-06T16:22:27Z,2025-12-27T02:54:56Z
ad-frm-000509,ad-fmr-000320,Boudreau North Section,archived,false,USA,c97e52e6-1be3-4199-9045-37349f6eae66,2025-04-21T07:52:42Z,
ad-frm-000474,ad-fmr-000285,Marsh River Place,active,true,USA,6d97bf90-722f-4723-8023-dfcf20e80f84,2024-10-08T04:27:03Z,2025-11-25T03:42:02Z
ad-frm-000173,ad-fmr-000096,Ziegler New Ranch,active,false,USA,dddbf9e4-36cf-4411-93a7-f81f53d68a8f,2025-11-12T22:57:36Z,
ad-frm-000079,ad-fmr-000044,Winters Valley Farm,active,false,USA,4608824e-c18a-4dad-a321-49f141c539ac,2025-04-22T10:54:23Z,2025-10-14T02:51:40Z
ad-frm-000334,ad-fmr-000186,Pemberton Lake Place,active,false,CAN,5f901ce8-7fec-45b8-917b-9c5b9f8a2a8d,2025-03-03T20:36:23Z,2025-03-11T01:56:49Z
ad-frm-000084,ad-fmr-000046,Quandt Home Section,active,false,USA,37d69322-1b8d-47f0-b64b-d73fe48e2233,2026-04-21T06:15:32Z,2026-06-16T00:47:59Z
ad-frm-000367,ad-fmr-000203,Jablonski Lake Quarter,active,false,USA,68717e27-05e2-43ed-b882-6330aba1ec35,2025-11-10T19:39:01Z,2026-01-18T18:40:35Z
ad-frm-000304,ad-fmr-000169,Ivanov Hilltop Ranch,active,false,USA,64c19d7d-5531-4828-890e-e715e02c641c,2025-01-15T19:55:30Z,
ad-frm-000166,ad-fmr-000092,Ferreira South Quarter,active,false,USA,bd96b148-aaba-46c1-b15b-b969456a8393,2025-09-24T12:24:55Z,2026-02-27T09:21:01Z
ad-frm-000508,ad-fmr-000319,Yoder River Homestead,inactive,false,USA,c61c6933-95f3-40f1-a465-93d6c2b0bd7a,2026-04-21T15:50:26Z,
ad-frm-000473,ad-fmr-000284,Novak New Ground,active,true,USA,807c2a9a-fbd1-42fe-912d-bf82212ce07c,2026-04-23T18:33:43Z,2026-06-10T14:15:46Z
ad-frm-000497,ad-fmr-000308,Boudreau New Farm,inactive,false,CAN,289bee7d-14f2-4610-92d6-d9d1ab4a91d4,2025-06-12T09:59:50Z,2025-11-07T16:16:52Z
ad-frm-000385,ad-fmr-000212,Thompson Home Farm,active,false,USA,e261085f-e47c-4ddf-8183-55477e60c9d7,2025-01-16T05:53:11Z,
ad-frm-000260,ad-fmr-000144,Thompson West Quarter,active,false,USA,dc3da072-981f-44a2-a79a-65f60ed59db8,2025-11-11T06:31:20Z,2026-03-27T11:59:11Z
ad-frm-000234,ad-fmr-000127,Drummond East Ground,active,false,CAN,9959e73f-6f3d-4c1c-8483-2de664ae5c05,2025-01-15T09:38:36Z,
ad-frm-000291,ad-fmr-000162,Merriweather Creek Ground,active,false,CAN,5c89a8d5-b78a-4f4b-8243-5883e5a2598f,2026-03-05T06:10:18Z,
ad-frm-000091,ad-fmr-000049,Vandermeer Old Quarter,active,false,USA,b5aa0aab-1187-4e7f-b36f-35683a85f58c,2026-04-22T14:20:36Z,2026-04-30T19:32:39Z
ad-frm-000082,ad-fmr-000045,Quandt East Section,active,false,CAN,50a2e875-6231-47c1-b32a-cf694ed17149,2025-09-25T16:44:17Z,
ad-frm-000302,ad-fmr-000168,Ivanov Home Quarter,active,false,CAN,91126ab6-2822-4e3f-99e9-b6a0a115b1fd,2026-01-14T16:49:51Z,2026-05-04T22:35:49Z
ad-frm-000176,ad-fmr-000097,Nordin Prairie Section,active,false,USA,62cd24f5-c076-492e-9f4a-783c8cb27eae,2026-03-02T15:21:22Z,2026-06-01T11:40:03Z
ad-frm-000514,ad-fmr-000325,Castellano North Ground,active,false,USA,b048cbdc-ef1f-4de0-8c12-23bc44801a63,2026-01-15T00:21:27Z,2026-06-07T11:50:37Z
ad-frm-000239,ad-fmr-000130,Merriweather River Farm,active,false,USA,71153793-d201-48f0-90d8-929bb2950fd6,2025-11-11T09:34:20Z,2026-02-19T02:12:37Z
ad-frm-000430,ad-fmr-000241,Dietrich Upper Place,active,false,CAN,f33da9df-09d6-468f-81b4-b34269462751,2025-03-05T21:57:46Z,
ad-frm-000089,ad-fmr-000048,Jablonski North Ranch,active,false,CAN,88f5015c-4bd5-45e8-b66d-16a87113d692,2026-01-14T10:54:39Z,
ad-frm-000512,ad-fmr-000323,Eastman Upper Farm,inactive,false,USA,0b6a2806-1f2f-4bfe-9c6e-848512d1c255,2025-03-05T16:04:36Z,2026-01-26T07:27:47Z
ad-frm-000070,ad-fmr-000038,Drummond Lower Homestead,active,false,USA,a699efb3-82e7-4689-9fd3-da25d3e10eea,2025-03-06T05:29:44Z,2025-06-17T06:54:21Z
ad-frm-000150,ad-fmr-000083,Baxter East Farm,active,false,USA,ac3a1d19-75b3-44c4-9a86-6b33a0188393,2024-11-14T11:09:27Z,
ad-frm-000144,ad-fmr-000079,Girard Valley Farm,active,false,USA,169f872b-f106-479c-bec1-9b3fa2129101,2025-06-11T17:23:16Z,2026-01-13T21:42:45Z
ad-frm-000178,ad-fmr-000098,Yoder Prairie Section,active,false,USA,1e7923fc-6929-4d7b-bbac-94c3c60234f5,2025-08-06T20:15:25Z,2026-01-19T08:08:57Z
ad-frm-000295,ad-fmr-000164,Bergstrom Home Ranch,active,false,USA,304c1ce3-f319-4add-8c8e-48ccd52d2a75,2026-03-05T11:33:32Z,2026-04-28T20:31:34Z
ad-frm-000483,ad-fmr-000294,Ferreira Home Homestead,inactive,false,USA,0329e644-1a92-41e7-afd3-7b1e64c0c39c,2025-11-12T11:22:11Z,
ad-frm-000120,ad-fmr-000066,Ziegler New Section,active,false,USA,4e46eb6d-e594-4ec2-8b52-2c3df7767142,2024-11-11T10:56:31Z,
ad-frm-000515,ad-fmr-000326,Winters East Ranch,active,false,USA,e4365a55-01e5-4f3d-b6c8-4803f53e05e5,2025-09-23T18:57:30Z,
ad-frm-000165,ad-fmr-000092,Ferreira Valley Place,active,false,USA,682fd5a0-2e4a-429f-9a8a-b1bb46a573bf,2025-09-25T09:38:42Z,2026-01-14T12:34:33Z
ad-frm-000072,ad-fmr-000039,Winters River Homestead,active,false,CAN,729a7123-a397-4ddf-b32f-c7674f3e0cea,2026-01-13T13:33:06Z,
ad-frm-000231,ad-fmr-000126,Baxter Home Ground,active,false,USA,85f58d1e-cfc2-4456-a418-99b34becd498,2026-04-21T16:44:36Z,2026-05-07T04:40:43Z
ad-frm-000312,ad-fmr-000174,Kerrigan Hilltop Ranch,active,false,USA,10c37eea-a391-4cd7-be03-53ef21cf2bd2,2025-01-15T04:27:38Z,2025-08-30T07:17:50Z
ad-frm-000278,ad-fmr-000155,Brenner Lower Ranch,active,false,USA,4d22ac5f-caf9-4958-bcf0-0b4c4e7b4f3a,2025-08-06T09:58:12Z,
ad-frm-000337,ad-fmr-000189,Crenshaw Hilltop Quarter,active,false,USA,ad3a5538-b414-4d74-acf8-a96c5661489d,2025-06-09T15:27:32Z,2026-03-10T00:38:20Z
ad-frm-000450,ad-fmr-000261,Prescott Lake Farm,active,false,CAN,def90a17-48b7-4399-9893-ad6a4b3609cd,2026-04-21T19:27:41Z,2026-06-20T21:20:56Z
ad-frm-000281,ad-fmr-000157,Thompson Lake Ranch,active,false,USA,fba2a018-eaf5-4c84-88da-f59bcda666f0,2026-04-22T10:27:11Z,
ad-frm-000332,ad-fmr-000185,Drummond Hilltop Ground,active,false,CAN,fc80d77a-703d-4a9a-8b12-d0bbd4a13aaf,2025-01-13T16:35:31Z,2025-05-09T20:15:57Z
ad-frm-000341,ad-fmr-000192,Hartley River Homestead,active,false,CAN,c11a604f-39f0-4a55-9253-60ef7455be56,2026-03-04T19:34:07Z,2026-06-01T12:11:17Z
ad-frm-000078,ad-fmr-000043,Holloway Creek Farm,active,false,USA,a9c7450c-0ad2-4651-a065-f16c6e7538bf,2026-04-23T19:23:38Z,2026-06-04T20:07:32Z
ad-frm-000277,ad-fmr-000155,Brenner New Homestead,active,false,USA,cf54c424-6f30-4b99-94de-436be94657b4,2025-08-06T09:43:23Z,
ad-frm-000008,ad-fmr-000004,Holloway Lake Homestead,active,false,USA,8081b000-0943-4abe-9641-5cba808c8e93,2026-04-23T11:26:59Z,2026-05-08T11:48:45Z
ad-frm-000119,ad-fmr-000065,Xiong Ridge Farm,active,false,USA,5f64604c-53be-48c9-8929-243e84fecd5c,2024-11-12T18:56:10Z,
ad-frm-000451,ad-fmr-000262,Brenner Lower Quarter,active,true,CAN,4c9fc9e9-d29c-4371-9ac8-0b93ce279903,2025-01-15T00:54:32Z,2025-06-03T15:32:21Z
ad-frm-000238,ad-fmr-000130,Merriweather Prairie Homestead,active,false,USA,12f0640d-b8b4-48df-88e6-d6ec6103278a,2025-01-15T07:15:37Z,
ad-frm-000359,ad-fmr-000199,Ziegler Lower Ground,active,false,USA,1bbbeaa9-18a9-49ba-a725-3a26f5d40d6f,2025-01-15T15:02:46Z,
ad-frm-000224,ad-fmr-000122,Kerrigan Hilltop Ground,active,false,USA,d6c64f52-18aa-4a0e-9f4a-0e1858b2cbe9,2026-01-13T13:36:56Z,
ad-frm-000024,ad-fmr-000011,Marsh Prairie Ground,active,false,CAN,e26cf1d6-6ebe-481a-8fd3-b8ba61982ff0,2024-10-08T16:47:15Z,2025-11-13T04:21:14Z
ad-frm-000294,ad-fmr-000164,Bergstrom Home Farm,active,false,USA,febdaa7b-e92d-4495-bdb4-d5e7a1aa2b76,2026-03-04T20:43:57Z,2026-05-06T13:19:23Z
ad-frm-000086,ad-fmr-000047,Vandermeer New Section,active,false,USA,032a445d-4f59-48c5-af00-2b87fc494092,2025-09-25T20:54:37Z,2025-10-06T21:32:16Z
ad-frm-000095,ad-fmr-000052,Steiner Upper Quarter,active,false,CAN,ad82bbbb-ca11-439c-9a1d-73b1158cabcd,2025-06-11T11:52:05Z,2025-09-19T16:14:17Z
ad-frm-000044,ad-fmr-000023,Kowalski Ridge Homestead,active,false,USA,5b775750-615c-49a7-9124-dde6f0e88d68,2026-01-13T15:21:05Z,
ad-frm-000444,ad-fmr-000255,Delacroix Hilltop Farm,active,false,USA,8e79a82c-eebe-448b-9bdb-a5964015f813,2026-03-04T18:45:31Z,2026-06-03T17:58:11Z
ad-frm-000122,ad-fmr-000067,Okafor Ridge Place,active,false,USA,abde5c7d-c6b7-4634-9a7c-cac7dc486289,2024-10-07T14:49:13Z,
ad-frm-000230,ad-fmr-000125,Delacroix East Quarter,active,false,USA,fb3fb934-ba8b-4aef-be31-8d80cb6e19bc,2026-04-22T10:00:19Z,
ad-frm-000386,ad-fmr-000213,Holloway Prairie Farm,active,false,CAN,5a6e1ce7-3942-43cd-ad08-d43605f9054e,2026-01-13T19:58:07Z,2026-04-23T05:06:04Z
ad-frm-000300,ad-fmr-000167,Tollefson Valley Farm,active,false,USA,e1033428-f377-4505-ba67-c1018ffc8e1b,2025-08-04T19:19:59Z,
ad-frm-000041,ad-fmr-000022,Yancey East Homestead,active,false,CAN,f0080365-76b9-4881-9fa4-270d71b8d707,2025-08-07T20:14:42Z,
ad-frm-000510,ad-fmr-000321,Hummel Creek Homestead,archived,false,USA,86da4ae0-c40d-44b7-b6da-03e5417fb9ae,2026-03-02T07:12:07Z,
ad-frm-000299,ad-fmr-000167,Tollefson Home Quarter,active,false,USA,6dcd41ec-7887-4dde-b4d5-8607b29d54ee,2026-01-12T18:58:07Z,2026-02-12T20:42:06Z
ad-frm-000455,ad-fmr-000266,Xiong New Ranch,archived,true,USA,a3bec0d6-9d46-46fe-b8fe-0366726fd05f,2025-01-16T19:34:26Z,2026-03-25T02:55:02Z
ad-frm-000323,ad-fmr-000179,Iverson River Section,active,false,USA,c18792e6-76e4-4071-a9cd-c20df429a872,2025-04-22T06:12:52Z,
ad-frm-000505,ad-fmr-000316,Delacroix Prairie Place,inactive,false,USA,70e8d577-4e2f-4b9d-b769-531396b26e82,2025-11-11T17:28:03Z,
ad-frm-000192,ad-fmr-000107,Dietrich South Place,active,false,USA,b6576023-8718-40d2-904f-ec9259bd9e31,2026-03-03T14:35:40Z,
ad-frm-000335,ad-fmr-000187,Ziegler West Quarter,active,false,USA,571a174c-b196-4b1f-ac6f-638ebc7561ac,2025-04-22T20:55:43Z,
ad-frm-000426,ad-fmr-000237,Quandt North Section,active,false,USA,bf40ae77-ad50-45a5-9ca0-cc9e9630e97e,2025-11-13T20:00:12Z,
ad-frm-000063,ad-fmr-000035,Xiong Valley Section,active,false,USA,53ce76cc-31b2-4106-bc63-f2070bf2e5cc,2025-11-12T06:28:53Z,2026-06-08T19:30:33Z
ad-frm-000164,ad-fmr-000091,Ashworth Home Ground,active,false,CAN,d1007da6-ee82-4e3c-8e3f-8df9778bd822,2026-01-15T13:58:11Z,2026-02-25T05:41:30Z
ad-frm-000459,ad-fmr-000270,Ziegler East Place,active,true,USA,4716e959-ae55-474f-b733-cddaf94873b0,2026-04-23T10:51:07Z,2026-06-02T18:00:47Z
ad-frm-000319,ad-fmr-000177,Ziegler Home Ground,active,false,USA,976ea2e1-bf3d-40c6-9bb4-71513bf13de0,2026-04-23T14:45:39Z,
ad-frm-000240,ad-fmr-000131,Albrecht Lower Farm,active,false,USA,5bdf6009-5274-4d00-b415-93a17bdf45cc,2026-03-03T22:38:50Z,2026-03-16T18:44:06Z
ad-frm-000380,ad-fmr-000209,Ivanov Prairie Farm,active,false,USA,2b3b7972-d95c-4538-a7bf-ea99e29a235d,2026-03-05T07:19:51Z,
ad-frm-000452,ad-fmr-000263,Duval River Ground,active,true,CAN,0eadb154-5175-45cf-93ff-ccbd957a926a,2024-10-06T17:37:54Z,
ad-frm-000407,ad-fmr-000224,Baxter South Place,active,false,USA,b078124b-f2f9-423a-b0ff-8133e3ad6065,2026-04-23T06:06:29Z,2026-06-12T08:22:07Z
ad-frm-000413,ad-fmr-000228,Callahan Prairie Section,active,false,USA,efde68a6-bc76-48fe-a024-240a2402e31b,2025-09-25T15:52:13Z,2026-03-12T05:52:28Z
ad-frm-000445,ad-fmr-000256,Dietrich West Ranch,active,false,USA,1b34f7da-1a19-49f6-8a86-44204fef55d7,2026-04-21T05:44:26Z,2026-05-17T23:49:45Z
ad-frm-000228,ad-fmr-000124,Eastman Valley Farm,active,false,USA,52aa5ba1-6ee7-45e8-8dc4-ee16e778449a,2025-04-23T21:20:49Z,2026-05-20T08:07:52Z
ad-frm-000020,ad-fmr-000010,Steiner Old Ground,active,false,USA,051b4fcd-bc84-46b6-aa03-527da21b8458,2025-04-21T10:13:38Z,2026-06-22T23:32:34Z
ad-frm-000227,ad-fmr-000123,Duval Valley Ground,active,false,CAN,7e3d9aa2-6c98-493c-902c-c5a6bb4eb8f1,2026-03-03T02:26:00Z,2026-06-12T00:56:41Z
ad-frm-000432,ad-fmr-000243,Ashworth Valley Section,active,false,USA,3639d125-5c18-46e2-b5f7-1110e97033da,2025-04-22T13:37:56Z,2025-08-29T15:25:36Z
ad-frm-000253,ad-fmr-000140,Albrecht Creek Farm,active,false,USA,a9395477-0c9a-4554-b161-cd55bc606438,2025-01-16T06:04:00Z,2025-06-04T02:57:12Z
ad-frm-000204,ad-fmr-000114,Ziegler Valley Homestead,active,false,USA,b1eb608d-81c6-4468-8ca2-144a8a557150,2025-08-05T12:49:26Z,
ad-frm-000114,ad-fmr-000063,Brenner River Place,active,false,USA,bd154f2a-1993-477d-a15d-f81e19f6d74d,2024-10-07T17:54:03Z,2025-04-01T22:13:21Z
ad-frm-000255,ad-fmr-000141,Lockhart Ridge Section,active,false,CAN,6b8e886c-cf5d-4c26-aeab-f4bbd19debd8,2026-01-14T04:06:56Z,2026-06-18T12:50:32Z
ad-frm-000099,ad-fmr-000054,Rasmussen South Farm,active,false,USA,057860e4-5254-4a5f-89b2-4c82bad57187,2025-04-23T18:50:32Z,2025-08-15T06:19:17Z
ad-frm-000327,ad-fmr-000182,Xiong Lower Farm,active,false,USA,e9084c3a-ece3-4f99-9c69-584aa8878eec,2025-11-12T19:59:23Z,
ad-frm-000118,ad-fmr-000065,Xiong East Farm,active,false,USA,aa832b1d-ae90-4ad3-92c6-c4eacf2575fb,2024-11-14T12:47:40Z,
ad-frm-000196,ad-fmr-000109,Rasmussen New Farm,active,false,USA,65898759-5a3f-4838-b04a-13ab40d26e84,2024-10-07T19:19:46Z,2024-11-02T10:35:13Z
ad-frm-000154,ad-fmr-000085,Rasmussen Ridge Ground,active,false,USA,500275d7-5ba2-4cba-8754-a2ecc266b34f,2025-06-12T02:46:49Z,2026-01-18T21:42:40Z
ad-frm-000290,ad-fmr-000161,Rasmussen Home Quarter,active,false,USA,e974a6ac-b9d6-4e2b-9b18-31e4f82ab836,2026-03-05T11:34:21Z,2026-04-10T05:07:50Z
ad-frm-000021,ad-fmr-000010,Steiner River Place,active,false,USA,7a681355-c263-44c8-93ab-69569b527011,2025-04-23T18:27:04Z,2026-06-11T23:26:27Z
ad-frm-000449,ad-fmr-000260,Underhill Ridge Section,active,false,USA,2755bc1c-feac-49e0-9496-f5ebd07bcf95,2025-06-10T07:29:38Z,
ad-frm-000033,ad-fmr-000017,Pemberton New Homestead,active,false,USA,3399e4a0-052b-4f31-b152-d7251208e7d7,2025-03-05T15:00:37Z,2025-10-04T15:20:22Z
ad-frm-000004,ad-fmr-000002,Duval North Section,active,false,CAN,75426a0b-29cf-4d23-9029-531395b0cfdf,2024-10-08T17:04:04Z,
ad-frm-000027,ad-fmr-000013,Ivanov East Farm,active,false,USA,defaa0f4-cf2a-4306-8a75-b23b6c781291,2024-10-06T20:12:47Z,2026-06-17T00:23:45Z
ad-frm-000428,ad-fmr-000239,Crenshaw Old Section,active,false,USA,bf72afe1-89af-414c-8c10-6f1bc4c85bc4,2026-03-05T16:12:26Z,2026-04-11T04:31:01Z
ad-frm-000373,ad-fmr-000205,Baxter Old Section,active,false,USA,fc5ba002-9e0d-4df8-8281-ecac8867d4a3,2025-04-23T11:42:21Z,2026-01-20T03:47:51Z
ad-frm-000110,ad-fmr-000061,Yoder New Ground,active,false,USA,037d1877-75b6-4e4c-bea1-65f6de91cb2e,2025-04-22T11:54:41Z,
ad-frm-000371,ad-fmr-000205,Baxter Prairie Ground,active,false,USA,6ef345ff-478f-4a89-86cb-f76a11ce51db,2025-04-23T19:28:27Z,2026-01-22T17:12:29Z
ad-frm-000174,ad-fmr-000096,Ziegler Hilltop Homestead,active,false,USA,8fb1e8fe-7541-4309-b355-94a2f2525a66,2025-11-13T07:55:36Z,2026-03-21T01:06:50Z
ad-frm-000018,ad-fmr-000008,Drummond Lower Place,active,false,USA,b55ef052-7a0f-4321-86a6-74dbf843ab7c,2024-11-12T06:29:34Z,2026-04-17T20:48:49Z
ad-frm-000252,ad-fmr-000139,Drummond River Quarter,active,false,USA,9765371a-4eae-4ade-8ac2-dbb2b2901769,2025-06-10T09:59:08Z,
ad-frm-000521,ad-fmr-000332,Underhill New Place,active,false,USA,63d45b76-4043-40f0-9fe3-3a31c6cd3c96,2024-11-13T12:03:52Z,
ad-frm-000378,ad-fmr-000208,Brenner Lake Farm,active,false,USA,a6113438-86d0-48f5-9102-034c89b7f786,2025-11-11T19:30:19Z,2025-12-12T14:41:52Z
ad-frm-000382,ad-fmr-000210,McAllister Ridge Section,active,false,USA,b7a7761c-7da7-4003-95d3-689b0b0487bf,2026-01-13T18:49:04Z,
ad-frm-000129,ad-fmr-000072,Yoder Valley Place,active,false,USA,edf032a2-2e3c-4760-98c7-2b18428af306,2026-01-15T09:41:07Z,
ad-frm-000268,ad-fmr-000149,Kowalski North Quarter,active,false,CAN,54a27819-f912-4747-bb91-f01f408ebdbb,2026-01-12T10:08:15Z,
ad-frm-000465,ad-fmr-000276,Albrecht Ridge Farm,active,true,USA,0ff03372-165e-44c4-a781-675113573897,2025-03-06T13:20:10Z,2026-05-09T15:59:40Z
ad-frm-000216,ad-fmr-000119,Drummond New Farm,active,false,USA,03fa119f-4819-430e-8236-1cb92d37707f,2025-01-13T15:34:51Z,
ad-frm-000360,ad-fmr-000200,Prescott West Quarter,active,false,CAN,3bc7fcd0-38ad-4b09-b675-c3b0ee461654,2026-04-23T19:48:34Z,
ad-frm-000249,ad-fmr-000137,Drummond West Homestead,active,false,USA,dcaa956b-3474-4f7d-a284-ee1ba9192683,2026-04-23T09:40:39Z,2026-06-19T00:37:07Z
ad-frm-000433,ad-fmr-000244,Marsh Hilltop Ground,active,false,USA,32914bef-7335-46d7-b8a6-daf4e4f5ea82,2025-01-16T15:02:30Z,2025-03-21T05:50:38Z
ad-frm-000381,ad-fmr-000210,McAllister North Ranch,active,false,USA,b4dd2394-7909-4c6d-b189-332c33a0b64f,2026-01-14T20:37:10Z,2026-05-07T08:27:41Z
ad-frm-000353,ad-fmr-000197,Yancey Lake Section,active,false,USA,6f5133fc-2c91-4645-9a27-a381ca94ea52,2025-11-11T11:35:37Z,2025-12-30T08:08:20Z
ad-frm-000406,ad-fmr-000224,Baxter Hilltop Place,active,false,USA,49a0cf49-a7c8-4d40-8fed-5a765c812853,2026-04-23T08:47:55Z,2026-06-08T04:41:13Z
ad-frm-000354,ad-fmr-000198,Bergstrom Home Section,active,false,CAN,13b0b884-8be0-4b42-a6c0-9343db5be86c,2026-01-12T08:21:05Z,
ad-frm-000229,ad-fmr-000125,Delacroix Creek Ranch,active,false,USA,eb5e8db3-c76f-41d5-bef7-e5a4d03c30eb,2026-04-22T15:37:35Z,2026-06-20T06:33:51Z
ad-frm-000374,ad-fmr-000206,Lockhart Upper Homestead,active,false,USA,80e6c65f-4c7a-4328-af9e-3807b54efba7,2026-03-05T15:43:05Z,2026-03-18T10:34:37Z
ad-frm-000003,ad-fmr-000001,Ziegler Hilltop Ground,active,false,USA,3f25ef72-a0a8-4e09-8e1c-9dae3547a82f,2025-09-22T13:11:10Z,
ad-frm-000462,ad-fmr-000273,Quandt Lower Farm,inactive,true,CAN,84d2a360-d6c0-486b-8feb-a99ec6325e95,2026-04-23T10:40:59Z,2026-06-23T03:24:25Z
ad-frm-000266,ad-fmr-000148,Ashworth River Homestead,active,false,USA,bdcbeb84-1301-46cc-baf4-f36850269ec6,2024-10-07T07:00:06Z,
ad-frm-000398,ad-fmr-000219,Bergstrom New Homestead,active,false,CAN,40823564-371d-425b-81b5-fd4c379bb9b1,2025-01-13T09:16:20Z,2026-02-25T13:32:45Z
ad-frm-000275,ad-fmr-000153,Steiner Hilltop Place,active,false,USA,24fa07b4-e527-4878-91c4-9f60efac6741,2026-03-05T11:16:06Z,2026-06-12T04:43:00Z
ad-frm-000017,ad-fmr-000008,Drummond Old Homestead,active,false,USA,3f4cf044-48f4-413f-bc5c-4abc2e66bdb8,2026-03-03T20:05:03Z,2026-06-09T18:33:38Z
ad-frm-000356,ad-fmr-000198,Bergstrom Hilltop Farm,active,false,CAN,0066553f-a320-44b3-9c46-bb92f409c1d7,2025-11-12T01:54:53Z,2026-05-15T04:21:51Z
ad-frm-000434,ad-fmr-000245,Hummel Hilltop Homestead,active,false,USA,cf475858-13e4-4947-b355-9b057566f986,2025-04-21T11:17:49Z,2025-12-23T23:22:17Z
ad-frm-000080,ad-fmr-000044,Winters South Ranch,active,false,USA,b8856e7e-0e5f-4ffc-8a96-d4f93efe02cb,2025-04-24T13:52:51Z,
ad-frm-000088,ad-fmr-000048,Jablonski West Quarter,active,false,CAN,0cb5f106-0da9-499d-896d-a460953c54a4,2026-01-15T14:52:50Z,
ad-frm-000394,ad-fmr-000217,Bergstrom Lake Ground,active,false,CAN,40c89408-0f04-4902-b3f5-228abbcd444c,2025-09-25T11:48:33Z,2026-04-25T14:29:39Z
ad-frm-000052,ad-fmr-000028,Thompson Upper Section,active,false,USA,23dc564a-48e3-4202-a489-1cf18db85934,2025-08-04T22:28:41Z,2026-05-24T16:11:58Z
ad-frm-000366,ad-fmr-000203,Jablonski New Homestead,active,false,USA,2f6f4ec1-aa97-4a10-81c7-071bffa9422b,2025-09-22T20:07:29Z,2026-04-16T12:20:32Z
ad-frm-000071,ad-fmr-000038,Drummond West Place,active,false,USA,913d0ae9-d6bd-4359-ad31-43a272896395,2025-03-06T11:51:49Z,
ad-frm-000092,ad-fmr-000050,Yancey New Section,active,false,USA,5a8e452a-9316-4fe2-8a3d-06ac1547f48d,2025-04-24T20:43:48Z,
ad-frm-000400,ad-fmr-000220,Albrecht Hilltop Ground,active,false,USA,b740a8e1-1dda-416f-a78f-4dab1521e64a,2026-04-21T12:01:39Z,
ad-frm-000200,ad-fmr-000111,Xiong Home Section,active,false,USA,fad85ac3-f679-49f3-8cfc-8494f25eb24f,2025-06-10T17:23:17Z,2025-12-13T04:03:32Z
ad-frm-000387,ad-fmr-000214,Holloway East Ground,active,false,USA,dc64211b-fd70-41cc-b6e6-d6f9f7071ddb,2026-01-15T18:32:48Z,2026-04-04T19:42:57Z
ad-frm-000346,ad-fmr-000194,Vandermeer New Homestead,active,false,CAN,9e7941e8-6ec0-4d34-bff1-f761ff94dcb1,2025-11-10T14:53:00Z,2026-05-31T20:07:13Z
ad-frm-000010,ad-fmr-000004,Holloway Lake Section,active,false,USA,33851054-acae-46ec-b6bc-d48949768e05,2026-04-22T16:37:55Z,
ad-frm-000117,ad-fmr-000064,Brenner Home Quarter,active,false,USA,f9103103-2bab-4c14-8266-2b77ecb2d2ec,2025-04-23T13:01:14Z,2025-10-31T23:55:50Z
ad-frm-000250,ad-fmr-000137,Drummond New Place,active,false,USA,e9679a53-cf7d-4fcb-8769-ad750d63ab68,2026-04-22T12:25:26Z,
ad-frm-000134,ad-fmr-000074,Novak West Homestead,active,false,USA,4a4e2e12-de22-4469-8c8b-f310839b540f,2026-01-14T12:06:46Z,2026-05-11T05:56:44Z
ad-frm-000272,ad-fmr-000151,Crenshaw River Quarter,active,false,USA,52731cc3-8adf-4fe7-82da-6d1a1ebc5fa2,2025-11-13T00:21:10Z,2026-06-18T18:24:40Z
ad-frm-000026,ad-fmr-000012,Boudreau West Section,active,false,USA,ddc8107a-6fa6-4c08-af63-eba136e72647,2026-04-21T13:14:13Z,
ad-frm-000263,ad-fmr-000145,Whitaker Upper Quarter,active,false,USA,1c12aecc-ee64-4e86-ba5f-f3e1cb239206,2025-11-12T23:30:09Z,
ad-frm-000457,ad-fmr-000268,Holloway Home Quarter,active,true,USA,9c49165f-5c64-4678-81d5-6fa94d8fb8ea,2025-11-13T19:04:29Z,2026-04-26T20:46:08Z
ad-frm-000365,ad-fmr-000202,Eastman Old Ranch,active,false,USA,71ef24fc-753a-4229-85c9-7b55378db3b9,2026-04-20T20:57:52Z,2026-05-03T06:08:00Z
ad-frm-000357,ad-fmr-000199,Ziegler East Farm,active,false,USA,5b569694-e965-4670-9d4b-4213e3c5fa7e,2025-01-15T12:00:36Z,
ad-frm-000189,ad-fmr-000105,Reyes Prairie Quarter,active,false,USA,03647d14-b408-4f16-990d-899a7a954500,2025-11-12T14:38:23Z,2026-03-25T13:50:04Z
ad-frm-000158,ad-fmr-000088,Lindqvist River Place,active,false,USA,5b38abc8-2804-4f6c-9895-6a0c02d7470f,2025-08-06T13:38:33Z,
ad-frm-000193,ad-fmr-000108,Dietrich North Section,active,false,USA,82b2dd18-a2cd-4cd6-899c-a6b3930b7753,2025-08-07T16:54:01Z,2026-01-05T11:35:47Z
ad-frm-000058,ad-fmr-000032,Castellano Ridge Section,active,false,CAN,609b83fb-2aa7-4d41-9f26-02e6dc1e5ea3,2026-03-05T02:29:15Z,
ad-frm-000301,ad-fmr-000167,Tollefson East Place,active,false,USA,edd79d32-a7df-4ff8-9838-0b1adb43497d,2025-08-07T19:16:05Z,2026-02-25T09:36:32Z
ad-frm-000100,ad-fmr-000054,Rasmussen Ridge Farm,active,false,USA,8dccccf2-12b9-46b8-a3df-4500fe9d75e0,2025-04-23T08:08:48Z,2025-10-22T17:30:52Z
ad-frm-000340,ad-fmr-000191,Castellano Prairie Ranch,active,false,USA,25e93c7a-6c57-4c17-b926-ac783a6227b7,2026-04-23T10:50:01Z,2026-04-30T08:25:22Z
ad-frm-000029,ad-fmr-000014,Oberlin Home Quarter,active,false,USA,592c2f0d-5c74-4be0-aeb5-c1a590032f3e,2025-01-14T20:30:41Z,
ad-frm-000066,ad-fmr-000036,Lockhart Lake Quarter,active,false,USA,6cf2c303-dd57-4347-9900-9cc21a73fd22,2026-04-21T20:19:34Z,
ad-frm-000443,ad-fmr-000254,Ashworth River Place,active,false,USA,3c716894-8db7-403a-a60f-d3c3214c3ae9,2025-08-07T19:06:00Z,
ad-frm-000254,ad-fmr-000140,Albrecht Upper Farm,active,false,USA,867764f1-8f5f-4ac2-a681-f8a60629b50c,2025-01-16T06:54:45Z,
ad-frm-000047,ad-fmr-000024,Okafor Prairie Quarter,active,false,USA,c19516b4-bd5c-449d-b576-877d8e71298c,2025-04-22T19:32:19Z,2026-02-24T17:25:31Z
ad-frm-000035,ad-fmr-000018,Whitaker Valley Place,active,false,USA,de4c5b82-6b94-4830-9e9b-ab85ae9f8125,2025-08-06T13:00:47Z,
ad-frm-000205,ad-fmr-000115,Delacroix Hilltop Section,active,false,CAN,292a0653-5b84-4519-afd1-0cd208e8aca3,2025-09-25T04:53:55Z,
ad-frm-000105,ad-fmr-000057,Xiong North Farm,active,false,USA,627e4688-7462-4e8b-aeef-ded9c39e2207,2025-09-24T19:59:00Z,
ad-frm-000315,ad-fmr-000175,Dietrich River Ranch,active,false,USA,ee7d93cf-2c40-4787-adea-5123c694cb11,2026-01-14T10:09:26Z,
ad-frm-000441,ad-fmr-000252,Eastman West Farm,active,false,USA,7056ac90-9b83-40df-8892-8e3da239539f,2026-01-13T16:51:14Z,2026-06-11T13:10:51Z
ad-frm-000181,ad-fmr-000100,Delacroix River Homestead,active,false,USA,61256a65-7c7f-421e-becc-bd488bf7fc34,2025-11-13T08:49:54Z,2026-05-08T12:20:45Z
ad-frm-000207,ad-fmr-000115,Delacroix Creek Place,active,false,CAN,7affe091-43d7-4914-8939-756cc3c5b832,2025-09-25T01:17:55Z,2026-02-09T13:16:08Z
ad-frm-000109,ad-fmr-000060,Vandermeer Upper Farm,active,false,CAN,28beeb98-7da7-4062-a3af-f5237afb2634,2025-11-13T20:49:08Z,
ad-frm-000147,ad-fmr-000081,Hartley East Section,active,false,USA,81bec114-24a8-4b8a-8338-f7c18fbac426,2024-11-12T14:20:28Z,
ad-frm-000069,ad-fmr-000037,Novak North Ground,active,false,USA,ef0d63d3-4101-4aef-b2c8-2f82efbf301e,2025-04-23T00:03:26Z,2025-06-30T12:37:05Z
ad-frm-000361,ad-fmr-000200,Prescott Hilltop Ranch,active,false,CAN,29c12cbe-6b25-4c79-9cd8-8d6292d9596a,2026-04-23T01:31:43Z,2026-06-27T00:14:15Z
ad-frm-000481,ad-fmr-000292,Hummel South Section,inactive,false,CAN,b293b3cc-79c8-4083-acff-4d09bf6ff55c,2025-04-24T16:48:11Z,2025-05-13T17:36:40Z
ad-frm-000094,ad-fmr-000051,Kerrigan Hilltop Homestead,active,false,CAN,03545fee-e2b1-473c-9a73-1c7ce2f420bc,2025-11-12T03:09:38Z,
ad-frm-000490,ad-fmr-000301,Duval River Ground,inactive,false,USA,95dc9995-6c1b-4c29-a765-113ad020b6bc,2026-04-22T08:37:08Z,
ad-frm-000276,ad-fmr-000154,Iverson Upper Section,active,false,USA,4727e312-9248-4537-93dc-0a5dd261ac49,2024-10-08T11:15:02Z,
ad-frm-000318,ad-fmr-000177,Ziegler Prairie Section,active,false,USA,7499c46d-3a36-43c6-ac28-7554b1c16f63,2026-04-21T17:51:32Z,2026-06-05T13:01:33Z
ad-frm-000182,ad-fmr-000100,Delacroix South Section,active,false,USA,3ac141c2-5f18-44df-96ba-0e9f0a428cb3,2025-11-13T09:12:35Z,2026-05-18T07:39:07Z
ad-frm-000096,ad-fmr-000053,Winters New Ranch,active,false,USA,796d42de-2871-4e32-810f-1096ef90a981,2026-01-14T14:20:55Z,2026-05-07T22:31:08Z
ad-frm-000121,ad-fmr-000066,Ziegler East Place,active,false,USA,2d9759a7-df27-4d5e-9b5f-0bfca371fb5b,2024-11-14T16:06:02Z,
ad-frm-000461,ad-fmr-000272,Steiner Valley Ranch,archived,true,USA,59d651ce-68c5-4bd1-a635-db5fb4c1de8b,2025-01-16T12:16:17Z,
ad-frm-000261,ad-fmr-000145,Whitaker Home Place,active,false,USA,35e8c0a7-aab9-443e-a88c-7c1a835b9f10,2026-04-21T19:00:17Z,
ad-frm-000162,ad-fmr-000090,Lockhart Prairie Section,active,false,USA,67a9078d-c585-4967-88bf-a27e2cb4385b,2024-11-13T06:32:34Z,2026-06-06T22:40:09Z
ad-frm-000393,ad-fmr-000217,Bergstrom West Farm,active,false,CAN,3552cf08-14b0-4cc7-bb05-e8c9853374ef,2025-09-25T12:23:15Z,2026-01-13T00:18:47Z
ad-frm-000210,ad-fmr-000116,Yoder South Ground,active,false,USA,c4bf69fc-563e-4927-9211-2f467841719e,2026-03-04T06:11:19Z,2026-03-23T19:00:11Z
ad-frm-000103,ad-fmr-000056,Iverson Upper Ground,active,false,CAN,825a5db1-a8e0-4cf0-8279-5082557a95a7,2025-01-15T15:17:17Z,2026-06-28T13:03:12Z
ad-frm-000146,ad-fmr-000081,Hartley West Ground,active,false,USA,c0556e4c-3a87-4288-a1ce-e89f7dc5042a,2024-11-14T13:18:05Z,2025-12-09T23:04:35Z
