consultant_id,consultant_nm,region,country,hire_dt,role
C2401,Whitney Muller,Saskatchewan,Canada,2015-02-10,Consultant
C2405,Joel Muller,Ohio,United States,2021-11-27,Consultant
C2407,Ingrid Renner,Wisconsin,United States,2020-01-28,Sr Consultant
C2410,Troy McKinney,Queensland,Australia,2024-07-15,Sr Consultant
C2412,Dale Gibbs,Missouri,United States,2013-12-15,Area Lead
C2415,Tara Whitfield,Ohio,United States,2023-03-20,Sr Consultant
C2420,Priya Ortega,Ohio,United States,2011-02-21,Area Lead
C2421,Brent Ochoa,Ohio,United States,2010-06-14,Consultant
C2424,Paige Ferris,Missouri,United States,2010-11-21,Consultant
C2427,Tara Speer,Ohio,United States,2014-10-17,Consultant
C2430,Curt Speer,Ohio,United States,2015-05-26,Consultant
C2435,Megan Pratt,Ontario,Canada,2008-09-24,Consultant
C2437,Pete Klassen,Wisconsin,United States,2021-06-30,Area Lead
C2440,Nadia Renner,Iowa,United States,2013-06-29,Consultant
C2444,Heather Ochoa,Saskatchewan,Canada,2011-07-24,Sr Consultant
C2446,Reid Caldwell,Nebraska,United States,2017-07-08,Consultant
C2449,Curt Ferris,Western Australia,Australia,2022-05-20,Sr Consultant
C2452,Ross Renner,Ontario,Canada,2012-03-29,Consultant
C2456,Nadia Ortega,Alberta,Canada,2013-06-23,Consultant
C2458,Vince Whitfield,South Dakota,United States,2013-05-02,Sr Consultant
C2462,Marcus Vogel,Iowa,United States,2011-02-19,Consultant
C2463,Omar Caldwell,Kansas,United States,2019-06-17,Consultant
C2468,Dana Whitfield,Minnesota,United States,2014-09-03,Consultant
C2470,Heather McKinney,Manitoba,Canada,2021-03-26,Sr Consultant
C2472,Heather Boyd,Indiana,United States,2015-08-22,Consultant
C2477,Tara Klassen,Iowa,United States,2011-04-05,Consultant
C2478,Kyle Ames,Wisconsin,United States,2018-10-25,Sr Consultant
C2482,Alicia Renner,Saskatchewan,Canada,2017-04-06,Consultant
C2486,Ingrid Gibbs,Manitoba,Canada,2020-07-31,Sr Consultant
C2489,Pete Speer,Minnesota,United States,2018-03-28,Sr Consultant
C2492,Joel McKinney,Saskatchewan,Canada,2015-03-18,Consultant
C2494,Nadia Boyd,South Dakota,United States,2010-11-23,Consultant
C2497,Nadia Whitfield,Nebraska,United States,2012-01-14,Sr Consultant
C2501,Reid Ellison,Missouri,United States,2009-08-17,Consultant
C2502,Paige Vogel,Nebraska,United States,2012-03-19,Consultant
C2506,Priya Roth,Queensland,Australia,2021-08-27,Consultant
C2509,Grant Tran,Missouri,United States,2014-09-03,Consultant
C2512,Megan Tran,Illinois,United States,2020-09-15,Consultant
C2514,Ross Boyd,North Dakota,United States,2013-12-29,Consultant
C2519,Scott Ortega,Queensland,Australia,2021-10-26,Area Lead
C2522,Marcus Hastings,Victoria,Australia,2025-07-29,Consultant
C2524,Carmen Vogel,Kansas,United States,2019-05-22,Area Lead
C2526,Carmen Hastings,Manitoba,Canada,2025-07-20,Consultant
C2529,Grant Ferris,Missouri,United States,2012-09-02,Consultant
C2534,Tara Gibbs,Victoria,Australia,2025-04-03,Area Lead
C2536,Omar Speer,Kansas,United States,2018-05-18,Area Lead
C2538,Reid Tran,Iowa,United States,2017-11-14,Consultant
C2542,Ross Muller,Minnesota,United States,2025-09-29,Consultant
C2546,Lance Muller,North Dakota,United States,2013-04-03,Consultant
C2548,Becky Ellison,Iowa,United States,2016-12-18,Sr Consultant
C2550,Dale Nash,Missouri,United States,2013-03-30,Consultant
C2554,Dana Lindgren,Iowa,United States,2017-01-22,Consultant
C2558,Grant Ochoa,Nebraska,United States,2022-01-16,Sr Consultant
C2559,Dana Muller,Iowa,United States,2025-11-15,Consultant
C2563,Omar McKinney,Missouri,United States,2008-04-06,Consultant
C2567,Kyle Renner,Illinois,United States,2015-02-10,Consultant
C2569,Pete Boyd,Ontario,Canada,2017-04-04,Consultant
C2573,Vince Chandra,Kansas,United States,2014-06-05,Consultant
